Nome,Saldo
Aaron Hartmann,1485.0
Abbie Sawayn DVM,2142.0
Abe Schroeder,1766.0
Abel Crist Ret.,1944.0
Abel Rath,1595.0
Abigail Boehm,2677.0
Abraham Runolfsson Sr.,1011.0
Abraham White,2239.0
Abram Huel,1888.0
Abram Wyman,2467.0
Adalberto Greenholt,2040.0
Adalberto Ledner,1795.0
Adalberto Lueilwitz Jr.,3342.0
Adalberto Metz Jr.,1971.0
Adalberto Stoltenberg,1767.0
Adaline Schultz,1201.0
Adam Hane,1746.0
Adan Bogan,1924.0
Adan Jakubowski,3130.0
Adan Zulauf,3395.0
Adela Jacobson,2133.0
Adelaida O'Kon Esq.,2146.0
Adelaida Paucek,1268.0
Adolfo Boyle III,1751.0
Adolfo Champlin,1578.0
Adolfo Zboncak,2037.0
Adolph Collins,2613.0
Adolph Kreiger,2000.0
Adrian Abbott,1956.0
Adrian Haley,2499.0
Adrian Powlowski,2806.0
Adrian Schumm,1522.0
Adriana Blanda,2487.0
Adriane Barrows,1134.0
Adrianne Abbott,2466.0
Agnus Parker,408.0
Agripina Dach,1724.0
Agustina Barton Esq.,1959.0
Agustina Waelchi,1526.0
Ahmad O'Hara,1663.0
Ahmed Fahey,1556.0
Ahmed Rice,1951.0
Ai Hilpert,2516.0
Aimee Schroeder,2491.0
Aisha Jones,1572.0
Aja Metz IV,1941.0
Alaina Friesen,2281.0
Alan Wilderman,2443.0
Alane Kemmer,1973.0
Albert Hahn,1880.0
Albert Kling Sr.,1832.0
Alberta Beatty,1429.0
Albertha Armstrong VM,2378.0
Albertha Schiller,2245.0
Albertine Ryan,1774.0
Alberto Daugherty,1501.0
Alberto Koelpin V,1127.0
Alberto Price,1203.0
Alden Baumbach,2123.0
Alden Frami,1568.0
Aldo Huel,2224.0
Aldo Kutch,2398.0
Alease Dooley,1701.0
Alec Mertz Sr.,1098.0
Aleisha Stracke,1667.0
Alejandra Ortiz DC,2333.0
Alejandro Pfannerstill,2932.0
Aleshia Kulas,1408.0
Alesia Hansen Ret.,2539.0
Alethea Collier,1227.0
Alex Lindgren,2152.0
Alexander Altenwerth,3100.0
Alexander Marks JD,1829.0
Alexander O'Reilly V,1406.0
Alexis Weissnat,2575.0
Alfonso Mann,2722.0
Alfonso Spinka,2551.0
Alfred Cummings,1407.0
Alfred Nienow,2171.0
Alfredo Gutmann,1753.0
Alfredo Stehr IV,2803.0
Ali Beatty,1764.0
Ali Lemke,1494.0
Ali Moen,1860.0
Alisa Padberg,3417.0
Alla Stokes,2699.0
Allan Schuster,3467.0
Allen King,1099.0
Alonzo Beatty DVM,3165.0
Alpha Graham,2666.0
Alphonse Goodwin,1919.0
Alphonso Greenholt,1405.0
Alphonso Wisoky IV,2874.0
Altagracia Ortiz,2235.0
Altagracia Parker,1825.0
Alva Altenwerth,2354.0
Alva Littel,2129.0
Alva Roberts,1773.0
Alva Zemlak Jr.,2112.0
Alvera Kuhic,2123.0
Alvin Klein,1949.0
Alyce Strosin,2290.0
Alysa Dooley,2245.0
Alysia Russel,2503.0
Amado Bogisich III,2287.0
Amado Herzog,1674.0
Amado Marquardt,1802.0
Amanda Schmeler,267.0
Amb. Anibal Gislason,1164.0
Amb. Benny Dietrich,2573.0
Amb. Bula Smith,3067.0
Amb. Cathey Rosenbaum,2351.0
Amb. Corinna Beier,1769.0
Amb. Elden Jerde,791.0
Amb. Elenora Feeney,2435.0
Amb. Elliot Wisoky,1497.0
Amb. Errol Keeling,3058.0
Amb. Ethan Olson,2262.0
Amb. Ezequiel Toy,2866.0
Amb. Fran Nader,2397.0
Amb. Fred Bogan,1867.0
Amb. Glynis Hintz,2664.0
Amb. Heide Feeney,2467.0
Amb. Ines Kling,2963.0
Amb. Jasmine Cruickshank,2550.0
Amb. Jin Wyman,2108.0
Amb. Joshua Raynor,2714.0
Amb. Kathryne Carroll,1978.0
Amb. Lanny Muller,1041.0
Amb. Lesley Hagenes,1344.0
Amb. Lindsay Pollich,2753.0
Amb. Lucius Jacobs,2111.0
Amb. Marlys Reilly,1437.0
Amb. Moira Reilly,1784.0
Amb. Stanley Mante,797.0
Amb. Stanton Gerlach,3501.0
Amb. Truman Langosh,3058.0
Ammie Sporer,2352.0
Amos Cremin,2562.0
Amos Johns,1243.0
Anabel Terry,2507.0
Anamaria Kassulke JD,1354.0
Andre Keebler,1769.0
Andrea Blanda,2894.0
Andrea Flatley,2157.0
Andrea McCullough,1789.0
Andrea Zemlak,2586.0
Andreas Dicki,1310.0
Andreas Emard JD,2251.0
Andreas Hodkiewicz DDS,636.0
Andreas Huel,425.0
Andy Kozey,2026.0
Angele Brakus,1774.0
Angele Dach,1924.0
Angeles Swift,2654.0
Angeline Weissnat,2056.0
Angelo Durgan,2301.0
Angelo Leffler,3240.0
Angelo Ritchie,859.0
Angelyn Murazik,2908.0
Angelyn Zboncak MD,1908.0
Anibal Grady Esq.,1621.0
Anitra Wolff,2266.0
Anja Grady,1186.0
Anna Legros,2016.0
Annamae Walter,1829.0
Annelle Roberts,2075.0
Annice Weissnat,2277.0
Annika Pollich,2793.0
Annmarie Hamill MD,3196.0
Anthony West,3408.0
Anthony Wintheiser,1040.0
Antione Grimes,894.0
Antione Marvin DDS,2702.0
Antione Roberts,1967.0
Antionette Hirthe II,2280.0
Antoine Spencer,1638.0
Antoine Wisozk,1757.0
Antonetta Raynor,1067.0
Antonetta Swift,2132.0
Antonietta Zemlak,1622.0
Antonina Doyle,2193.0
Antonio Corkery,1319.0
Antonio Dickens,1572.0
Antonio Jast,2180.0
Antony Conroy DC,1308.0
Aracelis Welch,1719.0
Archie Schultz,1446.0
Ardath Goyette,2113.0
Ardath Raynor DDS,2147.0
Ardell Hoppe,2799.0
Ardelle McGlynn,977.0
Arden Keebler,1245.0
Arden Lang,1559.0
Argelia McKenzie,1046.0
Ariane Paucek DO,1173.0
Arianna Walker,965.0
Ariel Hills IV,1753.0
Ariel Mitchell,867.0
Ariel Rogahn CPA,1654.0
Arla Wisozk,1814.0
Arlinda Nienow,2585.0
Arline Lesch,2308.0
Arlyne Schuppe,1514.0
Armand Rolfson,3418.0
Armanda Schulist,1620.0
Armando Botsford I,1022.0
Armando Roob DO,2513.0
Armando Sanford,3007.0
Arnold Cronin,2833.0
Arnulfo Ankunding,1521.0
Arnulfo West,1001.0
Art Daugherty,2302.0
Arthur Klein,2698.0
Arturo Klein,2053.0
Arturo Kuhlman,1249.0
Arturo Torp,3083.0
Ashlea Douglas,1918.0
Ashlea Wintheiser,2481.0
Ashley Lowe,458.0
Ashlie Bergstrom,2358.0
Ashly Swift,2521.0
Asia Ruecker,1344.0
Aubrey Beier,2232.0
Aubrey Pfeffer,997.0
Audra Monahan,1476.0
Audrey Dicki,2401.0
Augusta Hamill,2146.0
Augustine Hartmann,1385.0
Augustus McLaughlin VM,1953.0
Aurelia Waelchi,1257.0
Avery Pfannerstill,1146.0
Avery Price,1321.0
Avril Cole,1954.0
Azzie Kertzmann,2874.0
Azzie Lesch,1778.0
Babara Miller,1836.0
Babara Spencer,2338.0
Babette Daugherty,1646.0
Bailey Hilll JD,1962.0
Barbar Hudson PhD,2248.0
Barbra Rolfson LLD,2952.0
Barney Quitzon,1655.0
Barrett Luettgen,1438.0
Barrett O'Conner CPA,2939.0
Barrie Tillman,3281.0
Barry Towne,1972.0
Bart Bradtke III,2571.0
Barton Watsica,2476.0
Bea Effertz,2376.0
Beatris Keeling,977.0
Beau Cronin MD,1822.0
Belia Frami PhD,1892.0
Belinda Heller I,3150.0
Belinda Nolan,2776.0
Belkis Keebler,2023.0
Belle Daniel,1722.0
Benedict Daniel,2347.0
Benita Larson,1080.0
Benita Mitchell,2085.0
Benito Heller,2371.0
Benito Schaefer,2521.0
Benito Tromp,2140.0
Benjamin Bartell,3223.0
Benjamin Schoen,1077.0
Bennett Mueller,1384.0
Bennett Pacocha DO,854.0
Bennett Runte,1558.0
Bennie Brekke,2163.0
Bennie Erdman,2417.0
Benny Reichel,2212.0
Bernard Predovic,1694.0
Bernard Sanford,885.0
Bernarda Tremblay IV,2591.0
Bernardo Lakin,2331.0
Bernice Mante JD,1753.0
Bernie Bashirian,2214.0
Bert Doyle,767.0
Bertram Bogan,1075.0
Bertram Fadel VM,1161.0
Bethann Goldner,1067.0
Bettie Hauck,1556.0
Bettina Champlin,1422.0
Bettina Hoeger,1358.0
Bettyann Little,2248.0
Bev West,1295.0
Beverly Leuschke,1197.0
Bianca Sipes,1651.0
Bibi Anderson,2892.0
Billie Barton DVM,1347.0
Billie Hermann,1627.0
Billie Ledner,1100.0
Billie Ledner II,2694.0
Blaine Langosh,1740.0
Blair Runolfsson,1497.0
Blair Stokes,2213.0
Blair Upton,2219.0
Blake Cole,1662.0
Blake Jast,1742.0
Blanca Howe,2416.0
Bo Goyette,983.0
Bo Heaney,1479.0
Bob Homenick,1718.0
Bobbie O'Reilly DC,2362.0
Bobby Kutch,1969.0
Bobbye Ankunding,1324.0
Boris Flatley,1518.0
Boris O'Reilly,2478.0
Boris Runolfsson V,1565.0
Boyce Jones,2652.0
Boyce Kemmer II,2824.0
Boyce Little,1028.0
Boyce Lueilwitz,1962.0
Boyce McCullough,2879.0
Boyd Torp,2842.0
Brad Cartwright,1502.0
Brad Heidenreich Sr.,2373.0
Bradford Hartmann,2320.0
Bradley Howell,1624.0
Bradly Bartell,1374.0
Brady Kris MD,2138.0
Brady Kuphal JD,2927.0
Brady Ullrich V,2729.0
Brain Schamberger CPA,656.0
Branda Smith,2762.0
Branden Graham JD,1562.0
Branden Nikolaus,1216.0
Brandon Cummerata Esq.,471.0
Brandon Pfannerstill,2464.0
Brandy Brown,1396.0
Brandy Wehner,1008.0
Brant King,1719.0
Breana Wehner,2650.0
Bree Vandervort,2274.0
Brendan Baumbach,706.0
Brendan Jerde DVM,2871.0
Brendan Parker,1709.0
Brendan Price,1716.0
Brendon Yundt,2342.0
Brent Botsford,1634.0
Brenton Kemmer,2684.0
Brett Boyle,3132.0
Brett Casper CPA,1823.0
Brett Runolfsdottir,2190.0
Brian Orn Sr.,1493.0
Bridgette Emmerich,2622.0
Brigid Lakin,2827.0
Britt Langosh,3119.0
Britt Zulauf,1820.0
Brittny Kuphal,1448.0
Brittny Thiel,1741.0
Brock Ferry,1734.0
Brock Kshlerin,2317.0
Brock Rippin,690.0
Bronwyn Beier,2436.0
Brooke Howell,2121.0
Bruna Ratke,1974.0
Brunilda Stracke,650.0
Bruno Johnston,2031.0
Bryan Bechtelar,1800.0
Bryan Williamson,1134.0
Bryant Hirthe III,1673.0
Buck Hand II,1852.0
Buddy Hartmann,1822.0
Buford Schinner,1539.0
Burl Ondricka,2024.0
Burma Nicolas Ret.,2793.0
Burt Bahringer DC,1686.0
Burt Wintheiser,2447.0
Buster Steuber,2377.0
Buster Walsh,1717.0
Byron Barrows Ret.,1004.0
Caitlin Schroeder PhD,618.0
Caitlyn Jakubowski,2450.0
Caleb Bergstrom,2214.0
Caleb Kuhn,2747.0
Calista O'Reilly,790.0
Calista Ruecker,2553.0
Callie O'Conner,2117.0
Callie Reynolds,1548.0
Cameron Herman,1607.0
Camilla Davis,1994.0
Cammy Batz,1221.0
Candie Ferry IV,1274.0
Candis Bergstrom,2413.0
Candy Funk JD,989.0
Carey Cartwright DVM,3059.0
Carey Ledner,881.0
Carey McDermott I,838.0
Carey O'Reilly PhD,2396.0
Carey Shields,2272.0
Carey Smith,2129.0
Carie Dickinson,1708.0
Carissa Harber Sr.,2792.0
Carl Bergstrom,1783.0
Carl Kohler,895.0
Carletta Gerlach DO,1736.0
Carli Abbott,1530.0
Carlie Pfannerstill,1612.0
Carlo Cole Esq.,173.0
Carlo Flatley,2343.0
Carlos Grant,2776.0
Carlos Nikolaus,2980.0
Carlton Bashirian,858.0
Carlton Corwin,2962.0
Carlton Moen,1192.0
Carly Oberbrunner,1505.0
Carman D'Amore,1341.0
Carman Ferry JD,2481.0
Carmelia Schoen,1717.0
Carmelina Reynolds Jr.,1883.0
Carmella Kub,3501.0
Carmelo Auer,1284.0
Carmelo Collins,1553.0
Carmen Bernhard JD,1704.0
Carmen Medhurst,2550.0
Carol Bartell DC,2663.0
Carol Bernhard DC,603.0
Carol Hilpert,2163.0
Carol Stracke,2616.0
Carolyn Schinner DVM,2136.0
Carolyne Pagac,2307.0
Carolyne Rohan,2309.0
Carrol Dickens,1635.0
Carroll Bradtke,1572.0
Carroll Herzog,1932.0
Carson Walsh,2296.0
Carter Hackett,2188.0
Carter Ondricka V,3253.0
Cary DuBuque VM,2102.0
Cary Feest,1248.0
Casey Ritchie,2170.0
Casimira Mraz,781.0
Cassie Purdy,2197.0
Cassy Yost,2061.0
Catharine Schamberger,2006.0
Catherin Leuschke,2655.0
Catherine Will,2193.0
Cathleen Murray,1576.0
Cathy Hilll,2886.0
Cecila Schmidt,1982.0
Cecila Schuppe,2472.0
Cecille Beahan,1790.0
Cedric Tillman,2049.0
Cedrick Daniel,92.0
Cedrick Schowalter,2478.0
Celesta Wisoky,1421.0
Celestine Schamberger,2398.0
Celia Kovacek,1860.0
Celsa Friesen LLD,743.0
Cesar Harvey DDS,1350.0
Chad Mraz,1669.0
Chae Reynolds,2015.0
Chanda Wyman,2280.0
Chang Gutkowski,1609.0
Chang Renner,1758.0
Chantell Ledner,2139.0
Chara Stracke,2437.0
Charise Dicki,2855.0
Charissa Gutmann,2903.0
Charissa Lebsack,1611.0
Charisse Greenfelder DDS,2238.0
Charita Deckow,2002.0
Charla Wisoky,1617.0
Charles Russel Sr.,2650.0
Charlesetta Schultz III,3040.0
Charley Ebert,1760.0
Charley Ward Jr.,1716.0
Charlie Beer,3599.0
Charlie Crona,2094.0
Charlie Mraz MD,1728.0
Charlott Oberbrunner,1598.0
Charlotte Klein,860.0
Charlsie O'Conner,2072.0
Chas Kub,1609.0
Chasity Macejkovic,2562.0
Chassidy Monahan DC,2067.0
Chaya Rath,1898.0
Chelsie Schiller,790.0
Cherry Watsica,1946.0
Cherryl Gulgowski,1825.0
Cheryll Rodriguez,1360.0
Chi Gleason,3090.0
Chin Kovacek,980.0
Chin Upton Jr.,2555.0
Chiquita Emmerich DDS,2185.0
Chiquita Homenick IV,2778.0
Chong Beahan,3557.0
Chong Kertzmann,2738.0
Chris Aufderhar,2374.0
Christeen McClure,2354.0
Christeen Parisian,1215.0
Christel Buckridge DDS,2817.0
Christen Quitzon VM,3011.0
Christin Rodriguez,2269.0
Christy Hickle,1077.0
Chuck Ratke,1919.0
Chung Considine,1203.0
Chung Gibson Ret.,2639.0
Ciera Schamberger VM,1627.0
Cinda Greenfelder,2579.0
Cinderella Altenwerth,2134.0
Cinderella Reichel,2190.0
Cindi Upton,2244.0
Cinthia Paucek,3129.0
Claire Hahn,2099.0
Clare Hilpert,2108.0
Claris Frami,1629.0
Clark Beier PhD,1720.0
Claude O'Connell III,1778.0
Claude Williamson,2688.0
Claudine Halvorson,2612.0
Claudine Tromp,2928.0
Clay Ledner,1170.0
Clayton Hilll,2187.0
Clement Kiehn I,2315.0
Clement O'Kon,2196.0
Clemente Boehm,1650.0
Clemente Koss CPA,1634.0
Clementine Ledner JD,1727.0
Cleo Senger II,2446.0
Cleo Simonis,2950.0
Cleora Hamill,2595.0
Cleora Kuphal DO,1077.0
Cleotilde Pacocha,2509.0
Cleveland Kiehn,3266.0
Cleveland Padberg Esq.,1655.0
Cliff Hintz,1518.0
Clifford Bahringer,2178.0
Clifford Wiegand Sr.,2543.0
Clifton Waelchi,2664.0
Clint Feil,2668.0
Clint Hansen Sr.,3234.0
Clora Parisian,2974.0
Cody Hahn,2149.0
Colby Greenholt,2386.0
Colby Hane,1922.0
Colby Langosh,1431.0
Cole Nicolas,1464.0
Cole Thompson CPA,3222.0
Cole Williamson,3805.0
Coleman Lakin LLD,2461.0
Colene Jones,1824.0
Colette Miller,1426.0
Colin Brakus II,2745.0
Colin Hahn,2284.0
Colin Hills,1250.0
Colin Raynor,2172.0
Collen Fadel DVM,3208.0
Collen Kilback,2036.0
Columbus Moore,1283.0
Columbus O'Connell CPA,2050.0
Conception Stroman,2329.0
Conchita Murphy,2004.0
Connie Stark,2560.0
Conrad Will IV,1968.0
Constance Hyatt,2367.0
Consuela Schultz CPA,1897.0
Consuelo Schoen,1655.0
Contessa Cartwright,1629.0
Cora Ullrich,2070.0
Coralie Nicolas Esq.,1944.0
Cordell D'Amore,2381.0
Cordell Mosciski,796.0
Corie Bins,2876.0
Cornelius Rowe,2510.0
Corrie Lindgren,1927.0
Corrin Borer I,2843.0
Corrin Gusikowski Sr.,2485.0
Corrin Rath,1992.0
Corrin Von,1915.0
Cortez Trantow,1021.0
Cory Abshire JD,987.0
Courtney Conroy,1817.0
Craig Klein,2069.0
Craig Macejkovic LLD,2260.0
Craig Mayert,2665.0
Craig Miller,2523.0
Craig Shanahan Esq.,3147.0
Criselda Larkin,2495.0
Cristopher Bode I,1311.0
Cristopher Hermiston,2420.0
Cristopher Lind,1420.0
Cristopher Schuppe,3038.0
Cristopher Wolff,1812.0
Curt Walter,1842.0
Cyril Spencer,1693.0
Cyrus Carter IV,850.0
Cyrus Feeney,2620.0
Dale Sporer,538.0
Damaris Altenwerth,1244.0
Damian Anderson,2151.0
Damian Lemke,1069.0
Damian Waelchi,2431.0
Damion Wintheiser,1605.0
Dan Hoeger,1362.0
Dan Rutherford,2046.0
Dana Bahringer,2367.0
Dana MacGyver,2340.0
Danae Doyle DVM,1662.0
Dane Pagac,2218.0
Danial Gibson,1383.0
Daniel Lueilwitz,2789.0
Daniel Miller DVM,1320.0
Daniele Haag,2643.0
Daniell Turner,2312.0
Daniella Parker V,455.0
Danille Sporer PhD,2069.0
Danilo Bradtke,2875.0
Danilo Waelchi,1917.0
Dann Mayer,1246.0
Dann Ratke,1668.0
Danny Mitchell,2182.0
Danny Renner II,915.0
Danny Shields,2176.0
Dante Osinski,1496.0
Danyel Sipes,1499.0
Danyell Daniel,3323.0
Daphine Lockman,3081.0
Darby Goodwin Esq.,1904.0
Darcel Hartmann,2001.0
Darell Keeling CPA,2640.0
Daria Casper,2625.0
Daria Jacobs,2555.0
Darin Bernier DC,2029.0
Darin Mayer,2309.0
Darin Mohr DC,1580.0
Darius Blick,2641.0
Darlene Grant,1671.0
Darnell Altenwerth,1437.0
Darnell Batz,1583.0
Darnell Effertz,2142.0
Daron Mayert,1433.0
Darrel Kirlin VM,1154.0
Darrell Bednar,1771.0
Darrell Johnston,2667.0
Darren Carter,2330.0
Darrin Baumbach,1959.0
Darrin Borer,1389.0
Darrin Steuber,983.0
Darron Gusikowski,1893.0
Darron Hermann,1061.0
Darron Streich,2538.0
Darryl Thiel,1941.0
Darwin Hettinger,1718.0
Darwin Stiedemann,2583.0
Daryl Davis,2127.0
Daryl Fisher MD,2273.0
Daryl Moen,1255.0
Daryl Veum,2309.0
Dave Cremin,2555.0
Dave Hilll,2061.0
David Beahan,1774.0
David Champlin V,2271.0
David Treutel,865.0
David Welch,1760.0
Davida Hudson,2541.0
Davida Ledner,2841.0
Davida Wilkinson MD,1964.0
Davina Kshlerin,2193.0
Davina Kuhlman,2542.0
Davina Price,2747.0
Dayna Hoeger,2396.0
Dean Prosacco,2107.0
Deandra Dach PhD,970.0
Deandrea Schaden,1442.0
Deanna Glover,1548.0
Debbi Ferry VM,2550.0
Debbra Lehner,1492.0
Debroah Prosacco,1254.0
Dee O'Hara Esq.,2492.0
Dee Wisozk,2363.0
Deeann Mills,1669.0
Deedee Frami,1639.0
Deena Renner DO,1489.0
Deena Schaden,3463.0
Deidre Nolan,1598.0
Deidre Waters,1337.0
Deirdre Armstrong,2979.0
Deja Dickinson Jr.,1832.0
Del MacGyver DC,1891.0
Delaine Lebsack,1464.0
Delana Ebert,1747.0
Delena Barton,1106.0
Delicia Larkin DO,2136.0
Delisa Balistreri,1999.0
Delma Raynor,3481.0
Delmar Mosciski VM,2751.0
Delmer Thompson Sr.,2142.0
Delmy Terry,2861.0
Deloras Mosciski,1211.0
Delores Pouros,1088.0
Delores Ryan,3204.0
Delores Stehr,2087.0
Delpha Aufderhar,2365.0
Demetrice Gibson,1356.0
Demetrius Reilly,2275.0
Demetrius Schultz,2098.0
Denis Beer,2001.0
Denis Bernier,1726.0
Dennis Mayert,2129.0
Dennis Schmitt,1214.0
Denny Crona,2331.0
Denny Jacobson MD,3419.0
Denny Towne,1861.0
Denver O'Kon,1612.0
Deon Orn,2080.0
Deon Towne,2138.0
Deonna Wiegand,1590.0
Derick Mueller,2575.0
Derrick Kling,3045.0
Deshawn Bednar,1995.0
Deshawn Rosenbaum,1581.0
Dessie Lockman,1946.0
Destiny Zemlak,1116.0
Devin Kerluke DVM,2159.0
Devin O'Keefe,2167.0
Devon Bartell,2633.0
Dewey McGlynn,2381.0
Dexter Fahey,2742.0
Dia Mueller I,1265.0
Dia Rowe,3060.0
Dian Adams,1449.0
Diana Labadie,956.0
Diana Watsica,2789.0
Dianna Swift DVM,1523.0
Dick Schowalter V,1473.0
Dick Windler,946.0
Dino Boyle,2326.0
Dino Dibbert,3055.0
Dion Turner I,2172.0
Dione McGlynn,1903.0
Dirk Bosco,1337.0
Dominic Emmerich,1870.0
Dominique Gottlieb LLD,2488.0
Donald Schuppe,1585.0
Donella Hills,2600.0
Donette Ebert,1550.0
Donette Parisian,2092.0
Dong Kessler Esq.,1792.0
Donn Bauch,2979.0
Donnell Sawayn I,2831.0
Donnie Kihn,1675.0
Donovan Davis,2282.0
Donovan Flatley,2688.0
Donovan Schowalter,1565.0
Doreen Roob,1512.0
Dori Bernhard,2360.0
Dorian Durgan,1658.0
Dorian Lynch V,2445.0
Dorinda Bergstrom,1790.0
Dorine Bogan,2057.0
Dorotha Schroeder,1736.0
Dorothy Nikolaus,2157.0
Dorothy O'Hara,3172.0
Dorsey Bosco Esq.,2092.0
Dorsey Kuhn,3414.0
Dot Conroy V,2668.0
Douglas Bednar,1723.0
Douglas Mante DC,1854.0
Douglass Hirthe,2119.0
Doyle Considine,1842.0
Dr. Andres Johnston,1311.0
Dr. Andria Price,2438.0
Dr. Charline Fisher,2346.0
Dr. Chrissy Medhurst,2111.0
Dr. Deja Orn,1649.0
Dr. Earle Kris,1892.0
Dr. Elnora Purdy,2079.0
Dr. Esteban Feest,3039.0
Dr. Ethan Luettgen,2333.0
Dr. Ezekiel Haag,2147.0
Dr. Fleta Streich,2168.0
Dr. Gertrudis Dare,2363.0
Dr. Gladys Pagac,3063.0
Dr. Hazel Lakin,1888.0
Dr. Iraida Douglas,2655.0
Dr. Jaclyn Fritsch,1020.0
Dr. Jerilyn Mills,2465.0
Dr. Jordan Glover,1059.0
Dr. Julian Weissnat,2502.0
Dr. Lesley Lesch,2701.0
Dr. Lyndon McDermott,2114.0
Dr. Magaret Anderson,1604.0
Dr. Marilee Torp,2804.0
Dr. Neely Schowalter,1775.0
Dr. Nola Schroeder,2855.0
Dr. Rachell Barton,1859.0
Dr. Robbie Luettgen,2823.0
Dr. Roosevelt Hackett,1634.0
Dr. Rudolph Mraz,2582.0
Dr. Sasha Schaefer,2401.0
Dr. Scott Gislason,2370.0
Dr. Son Cormier,1846.0
Dr. Terrance Bashirian,-176.0
Dr. Toni Hettinger,2049.0
Dr. Vicki Green,1819.0
Drew Olson,2755.0
Drucilla Towne,2103.0
Dulce Crooks JD,2979.0
Duncan Goodwin PhD,1902.0
Dwayne Conroy,1274.0
Dwayne Daniel DVM,1422.0
Dylan Witting,2236.0
Earlean Rogahn,1175.0
Earleen Aufderhar,1569.0
Earleen Jast,2313.0
Earlene Welch,2636.0
Earline Oberbrunner,1961.0
Earline Spencer,2440.0
Earnest Batz PhD,2302.0
Eartha Jaskolski,2350.0
Eda Connelly,1598.0
Eda Harvey Esq.,2736.0
Eddie Kreiger,2797.0
Eddie Wolf Sr.,2181.0
Eddy Johnson LLD,2270.0
Edgar Runte,2733.0
Edison Schneider Ret.,1674.0
Edmond Hamill,1219.0
Edmund Flatley,2329.0
Edmund Kassulke,2148.0
Edmund Ortiz,2618.0
Edmund Sanford,1506.0
Edmund Satterfield,1933.0
Edmundo Wisozk,684.0
Eduardo Wehner,2259.0
Edward Conn,410.0
Edward Feeney,2300.0
Edwin Maggio,150.0
Edythe Hermann,2317.0
Edythe Price,1709.0
Edythe Schamberger,3029.0
Efrain Daniel Ret.,2766.0
Elaine Kutch,2739.0
Elana Leannon,2484.0
Elbert Hyatt,2561.0
Elda Champlin,1035.0
Elden Fay IV,1507.0
Elden Marks,1687.0
Elden Mills,2065.0
Eldon Bogisich DO,1700.0
Eldridge Hauck,2286.0
Eldridge Nicolas II,1996.0
Elene Daniel,2405.0
Elenore Quigley,1631.0
Eleonora Yost DC,2182.0
Eleonore Hamill,1582.0
Eli Kilback,936.0
Elijah Casper,1144.0
Elijah Tillman MD,2156.0
Elinore Bins,2508.0
Elisabeth Wolff,2624.0
Elise Durgan,1420.0
Elise Leuschke,1997.0
Elise Stark,2579.0
Eliseo Bednar,2172.0
Eliseo Raynor,942.0
Elisha Farrell,1371.0
Eliz Davis JD,1899.0
Elke Wiegand,1725.0
Ellen Johns,721.0
Elliott Feeney,1539.0
Ellis Schoen JD,1468.0
Ellis Streich,1484.0
Ellis Trantow,2794.0
Elmer Mayer II,3427.0
Elmer Reilly I,1646.0
Elmira Bednar,1274.0
Elodia Davis,1186.0
Elois Farrell VM,2473.0
Elois Herman,2610.0
Elroy Feest,2774.0
Elsie Franecki VM,1621.0
Elsie Langosh,3591.0
Elva Hoeger,2363.0
Elvera Hilll,2351.0
Elvina Sawayn,1202.0
Elwood Braun,1904.0
Elwood Mueller,1027.0
Ema Ebert,3172.0
Emanuel Lakin,1564.0
Emanuel VonRueden,2769.0
Emelia Conn,2419.0
Emelina Dach Ret.,2844.0
Emerald Zboncak,1837.0
Emerson Kulas,2465.0
Emerson Ledner,2370.0
Emerson Schroeder,1456.0
Emerson Zieme,2865.0
Emery Hodkiewicz DDS,1793.0
Emil Waters JD,1746.0
Emil Weissnat,2181.0
Emilio Ferry,1336.0
Emilio Hessel,1783.0
Emmanuel Gerhold,1300.0
Emmitt Becker,3097.0
Ena Bosco,1841.0
Ena O'Conner,2925.0
Enda Tillman,3306.0
Eneida Reinger,1183.0
Enoch Kuhn,2153.0
Enoch Lindgren,3261.0
Enoch Mohr,1928.0
Eric Abshire LLD,1207.0
Erich Frami CPA,1009.0
Erik Auer,2777.0
Erik Paucek,1913.0
Erik Ruecker,806.0
Erin Lockman,2074.0
Erlene Wisozk,2627.0
Ernie Maggio,2139.0
Errol Cormier IV,2353.0
Errol Jast,404.0
Errol Koelpin Esq.,1477.0
Esteban Shields,1396.0
Esteban Turcotte,1894.0
Estella Ebert,2006.0
Estella Rempel V,2007.0
Ester Cummings,2143.0
Ester Lubowitz,1872.0
Esther Hudson III,3369.0
Etha Steuber DVM,2271.0
Ethan Greenholt,2607.0
Ethan Rempel,2337.0
Etsuko Hodkiewicz,1455.0
Eugenie Marvin,2288.0
Eugenio Yundt,1941.0
Eura Upton,2803.0
Eva Welch,1395.0
Evan Kirlin,1992.0
Eve Batz,1539.0
Evelina Kling DO,2185.0
Eveline Bahringer VM,2868.0
Everett Willms,3341.0
Everette Bogan,1874.0
Everette Lesch,1437.0
Everette Schoen,2408.0
Evia Goldner,1370.0
Evie Hartmann DDS,3048.0
Ewa Herzog,2762.0
Fallon Rogahn,2551.0
Fanny Boyer,2747.0
Faustina Bahringer Jr.,1183.0
Federico Collier,2499.0
Felica Doyle,1480.0
Felice Koch,1425.0
Felipe Kuphal IV,1644.0
Felipe Nitzsche,2301.0
Felix Rempel,717.0
Ferdinand Frami,1429.0
Ferdinand Jacobi,2086.0
Ferdinand Schaefer DO,1896.0
Fermin Mitchell,2145.0
Fermin Murphy,2682.0
Fermina Beier,1575.0
Fernanda Labadie,1938.0
Fernando MacGyver,2662.0
Ferne Feil,897.0
Fidel Dooley,2283.0
Filiberto Balistreri,2098.0
Fiona Pagac,2399.0
Fletcher Gusikowski,2577.0
Fletcher Kirlin,1733.0
Fletcher Mueller,1319.0
Flor Veum PhD,1505.0
Florentina Macejkovic,2060.0
Florentino Cartwright,2380.0
Florentino Corkery,3000.0
Florentino Funk,1740.0
Florentino Schmitt,2680.0
Fonda Dare,1519.0
Fonda Schowalter,2014.0
Forest Schneider,1501.0
Forrest Effertz,2024.0
Forrest Steuber,1571.0
Fr. Alec Bruen,2179.0
Fr. Antione Beier,501.0
Fr. Barbie Keebler,1911.0
Fr. Bud Kuvalis,1445.0
Fr. Burt Kovacek,2084.0
Fr. Carlota Grady,2212.0
Fr. Carolyn Walker,1461.0
Fr. Claud Predovic,2455.0
Fr. Cody Towne,2245.0
Fr. Cristobal Kilback,2530.0
Fr. Dewayne Schulist,3163.0
Fr. Elisha Greenholt,3298.0
Fr. Enoch Lehner,1387.0
Fr. Frederick Boyle,2018.0
Fr. Gerard Hauck,2092.0
Fr. Isadora Ernser,1814.0
Fr. Jarvis Stracke,2523.0
Fr. Kendall Cummings,1294.0
Fr. Kraig Shanahan,1213.0
Fr. Manuel Rowe,1743.0
Fr. Marcelle Wuckert,2836.0
Fr. Mariette Feeney,2643.0
Fr. Marta Senger,1930.0
Fr. Miguelina Zieme,1498.0
Fr. Oliver Hane,2310.0
Fr. Rashad Conn,1296.0
Fr. Rebecka Prosacco,1164.0
Fr. Ruben Green,1254.0
Fr. Ruthie Huel,2596.0
Fr. Sabra Price,3379.0
Fr. Sommer Schultz,2118.0
Fr. Tandra Lueilwitz,1245.0
Fr. Vicki Champlin,1453.0
Fr. Weldon Corwin,1501.0
Frances Gibson,1387.0
Frances King,1426.0
Francesco Bosco VM,3481.0
Francis Davis,2342.0
Francisco Konopelski,2990.0
Francoise Breitenberg,1896.0
Frank Jenkins VM,2165.0
Frankie Conroy,1179.0
Franklin Lebsack,3026.0
Franklyn Boehm,1834.0
Franklyn Cormier CPA,1361.0
Franklyn Lindgren,1238.0
Fransisca Bailey,1471.0
Fransisca Nader,1789.0
Freddy Durgan,1432.0
Freddy Wintheiser,1693.0
Frederic Mills,1954.0
Frederic Raynor I,2572.0
Frederica Nienow Ret.,1479.0
Fredric Bartoletti,3496.0
Fredric Johnson,1525.0
Fredric Romaguera,1533.0
Frieda Kohler,1287.0
Gabriel Hoppe,2985.0
Gabriela Feil,2555.0
Gail Fritsch,1181.0
Gale Hegmann III,1276.0
Garfield Ortiz,2441.0
Garnet Strosin,3487.0
Garnett Gislason,1843.0
Garrett Leuschke DO,2855.0
Garry Haley,1996.0
Garth Stehr,1658.0
Gary Bernhard,1388.0
Gary Durgan,650.0
Gary Pfannerstill,1220.0
Gaston Hamill,1798.0
Gavin Homenick,2322.0
Gaye Walter,1924.0
Gayla Keebler,628.0
Gaynell Rutherford,1522.0
Gema Koss,2443.0
Gena Flatley,2600.0
Gene Green,2710.0
Genevie Kutch,2509.0
Genie Effertz,1628.0
Genna Kihn,1235.0
Geoffrey Luettgen,872.0
Geoffrey Pollich,2090.0
Geoffrey Runolfsson,1876.0
Georgann Towne,1570.0
George Kozey IV,1454.0
George Stehr MD,2540.0
Georgetta Botsford,2298.0
Georgia Beatty,2439.0
Georgianne Blick DO,2129.0
Gerald Lueilwitz,2924.0
Gerald Powlowski,1085.0
Gerald Waters,2680.0
Geraldo Lockman,1648.0
Geraldo Nicolas,1664.0
Geralyn Conn,1649.0
Gerardo Brakus,2620.0
Germaine Cole,1541.0
Gerri Grimes PhD,1601.0
Gertrude Hoppe,2718.0
Gidget Jaskolski,2351.0
Gidget Lehner,2191.0
Gilbert Sawayn LLD,996.0
Gilberto Hyatt,2893.0
Gillian Lynch,1264.0
Giovanni Rice,1067.0
Gita Nikolaus,1569.0
Giuseppina Cremin,1549.0
Giuseppina Skiles Jr.,1687.0
Glen Schaefer,3570.0
Glenn Balistreri,2503.0
Glennis Wunsch VM,2106.0
Gonzalo Leffler,2977.0
Gonzalo Reichel Esq.,1764.0
Gonzalo Treutel,2225.0
Gordon Anderson,766.0
Gov. Adrian Zemlak,2049.0
Gov. Alonzo Rempel,975.0
Gov. Billy Leannon,871.0
Gov. Chan Walsh,2167.0
Gov. Chong Marks,1551.0
Gov. Earnestine Bartoletti,1631.0
Gov. Eddy Halvorson,1565.0
Gov. Elisa Shanahan,1597.0
Gov. Ezequiel Shanahan,1870.0
Gov. Flossie Abshire,1356.0
Gov. Freddy Watsica,1589.0
Gov. Gilbert Feeney,1360.0
Gov. Jason McKenzie,1885.0
Gov. Jose Koch,1712.0
Gov. Kaye Donnelly,1646.0
Gov. Laura Hilpert,2692.0
Gov. Lino Bosco,2450.0
Gov. Lonnie O'Reilly,2648.0
Gov. Lyndsay Becker,2141.0
Gov. Machelle Shanahan,1827.0
Gov. Major Morissette,2745.0
Gov. Marilee Schulist,2267.0
Gov. Maritza Haag,1863.0
Gov. Ninfa Quitzon,1035.0
Gov. Octavio Collins,1345.0
Gov. Omega Considine,1958.0
Gov. Steven Osinski,1826.0
Gov. Tawanna D'Amore,2002.0
Gov. Wilhemina Ratke,1315.0
Gov. William Torp,1784.0
Gov. Xochitl Wisoky,2017.0
Gov. Zada Predovic,2881.0
Graham Metz JD,2798.0
Graig Kihn,688.0
Graig Metz,2950.0
Granville Mraz,2197.0
Greg Oberbrunner,2355.0
Greg Paucek,2541.0
Gregoria Macejkovic,3179.0
Gregoria Thompson,625.0
Gregory Hyatt DVM,2689.0
Gregory Johnston,1833.0
Gricelda Schaefer,2982.0
Grisel Buckridge DVM,2890.0
Grover Nitzsche,1825.0
Guadalupe Feest Jr.,1137.0
Guadalupe Hayes,1988.0
Guillermo Flatley VM,1511.0
Guillermo Leannon,1889.0
Guillermo Lindgren,2312.0
Gus Block,1648.0
Gus Toy,1413.0
Gustavo Franecki Esq.,1262.0
Gustavo Harris,1178.0
Gustavo Hyatt,1794.0
Guy Bradtke,1857.0
Guy Hilpert,3302.0
Gwen Schoen,1475.0
Hal Jones CPA,2214.0
Haley Treutel,1542.0
Hallie Davis,2794.0
Hallie Dooley,1470.0
Hallie Fahey,2751.0
Hanh Schaefer,2683.0
Hans Kub,2133.0
Hans Monahan II,2344.0
Hans Schuster,1921.0
Harlan O'Hara DO,1660.0
Harold Senger,3574.0
Harris Mitchell,1845.0
Harry Terry,2181.0
Harvey Gutmann DC,2815.0
Hassan Graham,563.0
Hassan Rohan PhD,1877.0
Hayley Champlin,730.0
Hayley Dietrich,3242.0
Haywood Botsford CPA,2684.0
Heath Kessler,3195.0
Heath Klocko,1565.0
Heather Walker,1856.0
Hector Klein,2605.0
Helga Koelpin V,2350.0
Henry Rath,2313.0
Herb Auer,2218.0
Herb Douglas,2360.0
Herb Kuphal DO,1953.0
Heriberto Wisoky,2646.0
Herschel Parker,2301.0
Hilario Haley PhD,1537.0
Hillary Kessler,1600.0
Hipolito Bayer,2667.0
Hiram Mueller,1914.0
Hobert Mitchell DDS,2518.0
Hobert Runte,2342.0
Holly Huels,3455.0
Homer Bashirian,2315.0
Honey Will,2702.0
Hong Gerlach JD,2367.0
Horace Conn,956.0
Horace Dare,2312.0
Horace Jacobi,968.0
Horace Kessler,1882.0
Hortense Jakubowski,2399.0
Hosea Krajcik,472.0
Houston Cruickshank,3342.0
Howard Beahan,2762.0
Howard Larson,2842.0
Howard Ondricka,122.0
Hoyt Luettgen,1293.0
Hubert Altenwerth,1692.0
Hulda Nienow Ret.,1486.0
Hung Kerluke,2010.0
Hunter Gibson,2336.0
Hwa Rogahn,2176.0
Hyman Sipes,2334.0
Hyman Wisozk,1770.0
Hyon Gulgowski,1071.0
Ian Pouros,2668.0
Iesha Jacobi,1657.0
Ignacio Ferry,1765.0
Ileana Hirthe,2649.0
Illa Jakubowski,1716.0
Imelda Brekke Sr.,1862.0
Imogene Bergstrom Ret.,1224.0
Inell Moore Sr.,1756.0
Iola Rohan,1148.0
Ira Jakubowski,2198.0
Irene Nicolas,2575.0
Isaac McCullough,1515.0
Isaac Mueller DDS,2930.0
Isaac Pagac,2384.0
Isaiah Considine,2068.0
Isaias Quigley,2149.0
Isela Adams LLD,886.0
Isidro Kuhlman,1478.0
Isidro Mosciski,2285.0
Isreal Goyette,2487.0
Isreal Huel Esq.,2554.0
Issac Hoppe,2962.0
Issac Kulas,2810.0
Ivan Friesen,2851.0
Ivana Lowe,1907.0
Ivelisse Jaskolski,1845.0
Izetta Schultz,2896.0
Jack Zulauf,1109.0
Jacki Terry,4971.0
Jackie Conn,1741.0
Jackie Pollich,2892.0
Jackson Boyle DC,2260.0
Jackson Roberts,1755.0
Jackson Willms,880.0
Jaclyn Schaden,961.0
Jaclyn Von Ret.,1744.0
Jacquelyn Volkman,849.0
Jacquelyn Weissnat,2590.0
Jacquelynn Bechtelar,1758.0
Jacques Boyer,2368.0
Jacques Rippin,3178.0
Jacques Roberts,1892.0
Jacques Towne,1177.0
Jacquetta Hilll Esq.,1959.0
Jacqui Frami,3228.0
Jade Nienow,1539.0
Jae Erdman DO,2755.0
Jaime Greenfelder,1877.0
Jaime Labadie,1874.0
Jaime Raynor,2331.0
Jaime Stoltenberg,2592.0
Jaimee Hintz,2111.0
Jaimie Reilly,614.0
Jake Armstrong,1251.0
Jamal Bergstrom,982.0
Jame Parker,2157.0
Jame Prohaska,2270.0
Jamel Bradtke DC,2386.0
Jamel Quigley III,2002.0
James Casper DDS,1546.0
James Dach,1506.0
Jamey Roob,1298.0
Jami Jones,2233.0
Jami Kuhn,1951.0
Jami Lemke,2526.0
Jamie Leuschke,2711.0
Jamie Rohan Ret.,2439.0
Jamison Effertz,2366.0
Jana Casper,2382.0
Jane Ritchie,2177.0
Jane Schinner,2053.0
Janel Ruecker,697.0
Janella Lesch,1668.0
Janice Grant,1944.0
Janice Olson,1085.0
Janiece Block,2891.0
Janiece Reynolds,2591.0
Janina Walter,1091.0
Janine Powlowski,1226.0
Jann Maggio,2803.0
Jannet Dicki,2189.0
Jannet Gerlach,1922.0
Jannet McCullough Ret.,2008.0
Janyce Toy,2850.0
Jaqueline Romaguera,3321.0
Jaquelyn Schuster,2507.0
Jared Gibson,1669.0
Jared Morar,3187.0
Jared Russel,2723.0
Jarred Fahey,2983.0
Jarrett Spencer,1474.0
Jason Olson Esq.,2024.0
Jasper Cummerata,2096.0
Jaunita Tillman,1802.0
Jay Effertz,2343.0
Jayson Grady,1220.0
Jc Monahan,976.0
Jean Abernathy Jr.,2445.0
Jean Barrows Esq.,1383.0
Jeanice Macejkovic Ret.,2302.0
Jeanie Gerhold,2126.0
Jeanmarie Thompson,1361.0
Jeannette Powlowski,1993.0
Jeannine Jaskolski,1895.0
Jeannine Wyman,3548.0
Jed Marvin,2425.0
Jed White,2422.0
Jeff Borer,483.0
Jefferey Halvorson,1770.0
Jefferey Ullrich,2346.0
Jeffery Klein,2088.0
Jeffrey Quigley,818.0
Jena Legros,780.0
Jene Heaney,2551.0
Jenell Hilpert V,2152.0
Jenelle Frami,1689.0
Jenine Reichel,1759.0
Jenise Brekke,1919.0
Jennette Kozey,1311.0
Jenni Hirthe JD,1693.0
Jennie Emard,2861.0
Jennie Jones,1908.0
Jenniffer Cronin DVM,2335.0
Jerald Carroll Esq.,1118.0
Jerald Wilderman,527.0
Jeremy Bahringer,2327.0
Jeremy Collier,2810.0
Jeremy Hilll MD,1619.0
Jerilyn Orn,2747.0
Jermaine Kilback,1347.0
Jermaine McCullough,1321.0
Jerold Hermann,1433.0
Jerome Haag,2272.0
Jerome Welch,2399.0
Jeromy Rogahn,2246.0
Jerrod Boehm,1615.0
Jerrold Block,1449.0
Jerrold Ondricka,2481.0
Jerrold Stehr,2281.0
Jessenia O'Hara,3072.0
Jessi Orn,2328.0
Jesus Balistreri,3364.0
Jesus Schroeder,1516.0
Jewell Miller,2486.0
Jewell Raynor,2582.0
Ji Block,2898.0
Ji Oberbrunner,1126.0
Jillian Gleason,1592.0
Jim VonRueden PhD,2502.0
Jimmie Botsford,2008.0
Jimmie Harber Jr.,2819.0
Jimmie Kovacek,964.0
Jimmie White,3301.0
Jimmy Brown,2110.0
Joan Towne Sr.,2042.0
Joan Turcotte,2260.0
Joaquin Mayert,2241.0
Jodi Farrell,795.0
Jody Bartoletti,2036.0
Joe Krajcik,2190.0
Joeann Vandervort,520.0
Joel Botsford,1925.0
Joel Hayes,2310.0
Joel Marks DO,1788.0
Joelle Nolan,2453.0
Joey Barrows,3027.0
Joey Lind,2030.0
Johnathan Barton,1606.0
Johnathan Gerlach,832.0
Johnathan Konopelski,2246.0
Johnie Dietrich,1856.0
Johnie Hoppe,1685.0
Johnnie Brown,1747.0
Johnnie Olson,2173.0
Johnny Feeney DO,2265.0
Johnson Nader,2404.0
Joi Huels,1574.0
Jolanda VonRueden,2937.0
Jon Emmerich VM,1576.0
Jona Ryan,2456.0
Jonah Homenick DC,2064.0
Jonah Lehner LLD,981.0
Jonah Schimmel,2654.0
Jonas,6000.0
Jonathon Schuster,1588.0
Jonna Lubowitz,2250.0
Jordan Smitham IV,3488.0
Jorge Fadel,2829.0
Jorge Kuphal,2962.0
Jorge Ritchie,1409.0
Jose Moen,2072.0
Josef Graham,2319.0
Josefa Stroman,2371.0
Joseph Emmerich,2943.0
Joseph Hayes,2243.0
Joseph Nienow,2370.0
Josephina Koepp,1956.0
Josette Hamill,2673.0
Josh Beier Ret.,2475.0
Josh VonRueden Esq.,2158.0
Joshua Daugherty,840.0
Joshua McLaughlin,1700.0
Josiah Hegmann V,2637.0
Jovita Botsford,1494.0
Joy Douglas DC,1632.0
Joy O'Reilly,2331.0
Joyce Rippin,1963.0
Joye Boyle,1922.0
Juana Shanahan MD,1915.0
Judson Lang,2419.0
Judson Rempel,1792.0
Jule Nienow,3189.0
Julene Baumbach JD,2557.0
Jules Koepp,1949.0
Julia Mante,2815.0
Julian Hilpert MD,1493.0
Julian Kub,1876.0
Julianne Haley,1682.0
Julie Volkman,1975.0
Juliette Mosciski Ret.,1062.0
Julio Cruickshank,1358.0
Julius Aufderhar V,1579.0
Julius Treutel JD,2401.0
Jung Leuschke,1625.0
Junior Corkery,2196.0
Justa Wehner,2450.0
Justin Harvey,1704.0
Kaitlin Pouros,2481.0
Kala Bins,2425.0
Kalyn Hoeger,1877.0
Kalyn Turcotte,3319.0
Kandace Hettinger,2594.0
Kandi Franecki,2152.0
Kara Sanford,2386.0
Kareem Reinger CPA,2197.0
Karena Murazik,1609.0
Karey Huels,802.0
Karie Considine,1962.0
Karima Blanda,3476.0
Karisa Jones,2606.0
Karl Collins,2063.0
Karl Marvin,2316.0
Karl Rath JD,2067.0
Karlyn Kuhlman LLD,644.0
Karma McLaughlin,1786.0
Karolyn Schiller,2370.0
Karren Reichel,1919.0
Kary Baumbach,1362.0
Kasey Daugherty Ret.,2768.0
Kasi Johnson,1720.0
Katerine Rempel,551.0
Katerine Zulauf,861.0
Katharina Grant,2651.0
Katharyn Schuster,2137.0
Kathi Weimann,1941.0
Kathleen Ortiz,2618.0
Kathline Abbott,2678.0
Kathrin Frami,2290.0
Kathryne Stokes III,2304.0
Kati Schmitt Esq.,2750.0
Katina Mann,1585.0
Katlyn Anderson,3135.0
Katy Brown,2255.0
Kaycee Heaney,1600.0
Kaye Nicolas Esq.,2882.0
Keesha Mayert,1718.0
Keiko Treutel,1857.0
Keisha Pacocha,2009.0
Keith Hyatt,585.0
Keli Nolan MD,1855.0
Kellee Reinger,3215.0
Kelly Kulas,2291.0
Kelly Langosh,1346.0
Kelvin Hartmann,2570.0
Kendall Stoltenberg,1577.0
Kendra Cummerata,2226.0
Kendrick Kreiger I,2124.0
Kenneth Kozey,2569.0
Kenny Kassulke Esq.,1942.0
Kenny Little,1909.0
Kenny Muller Sr.,1833.0
Kent Johnston,2078.0
Kent VonRueden,2376.0
Kenton Casper,2015.0
Kenton Ebert,2765.0
Kermit Feeney Esq.,2233.0
Kermit Langworth,1401.0
Kermit Sipes,1682.0
Keva Schuster,2778.0
Keven Labadie,2067.0
Kevin Leannon,862.0
Kiana Jacobi,3173.0
Kiana Morar,2744.0
Kiesha Schuster,2073.0
Kiesha Treutel,1732.0
Kim Haley,1027.0
Kimber Kunze,2478.0
Kimbery Wisozk I,2343.0
Kimiko Heller,1192.0
Kip Hane,2498.0
Kirk Greenfelder,2418.0
Kitty Bergstrom,2662.0
Kitty Haag,2238.0
Kitty Ruecker,2161.0
Kizzie O'Hara,2089.0
Korey Crona,2038.0
Korey McDermott,2457.0
Kortney Bernier,2423.0
Kory Barton III,2981.0
Kris Kshlerin,2131.0
Krissy Hyatt DVM,1961.0
Krissy Reilly,1050.0
Kristeen Abshire,1400.0
Kristeen Hagenes,1988.0
Kristi Jacobs,728.0
Kristian Jacobson,2196.0
Kristofer Bednar MD,2710.0
Kristopher Kuvalis,2272.0
Kristyn Mante,2703.0
Krysta Mohr,1546.0
Krystal Dickens,2251.0
Krystal Heathcote DC,2161.0
Krystin Williamson,933.0
Krystle O'Hara,1940.0
Kurt Skiles Jr.,2433.0
Kurtis Grady,1878.0
Kurtis Mosciski,881.0
Kurtis Sawayn,1846.0
Lachelle Bins,1783.0
Lacie Lebsack II,1116.0
Lacy Moen I,2276.0
Lacy Nolan,1645.0
Lacy Ondricka VM,1328.0
Ladawn Feeney,2354.0
Lael Stracke,1847.0
Lakeisha Cole DO,1368.0
Lakenya Smith,1645.0
Lakesha Trantow,1973.0
Lakiesha Bartell,2501.0
Lakisha Koss,2377.0
Lakita Walsh,1832.0
Lamont Hudson,2743.0
Lamont O'Connell,2096.0
Lance Rosenbaum,1273.0
Lance Sauer,1029.0
Landon Heller,1526.0
Landon Kreiger,1876.0
Landon Spinka,2136.0
Lane Bednar,1631.0
Lane Mayer,2379.0
Lang Reinger,2767.0
Lanita Monahan,2549.0
Lanny Marks,2417.0
Laquanda Kautzer,749.0
Laquanda Runte,1905.0
Laraine Beatty,2429.0
Larissa Bruen,1690.0
Larraine Pollich,1730.0
Larry Leuschke,2290.0
Lashay Ondricka,1642.0
Lasonya Gleason,2761.0
Latasha Brown,1881.0
Latesha Kessler,1346.0
Latesha Kuvalis,231.0
Latonia Nolan,2424.0
Latricia Durgan,1902.0
Launa Breitenberg,2089.0
Laura Wiza,698.0
Lauran Wehner,2037.0
Laurel Nitzsche LLD,2016.0
Lauren Macejkovic,1756.0
Laurence Bergstrom,1894.0
Laurence Tillman MD,1708.0
Lauryn Ernser,1849.0
Laverne Lebsack,1092.0
Lavette Kerluke DDS,2077.0
Lavone Ziemann,1918.0
Lawana Hirthe,1032.0
Lawanna Botsford,1796.0
Lawerence Goldner,2325.0
Lawerence Lebsack,2171.0
Lawerence Schroeder,1312.0
Lawrence Cummings LLD,1299.0
Layla Hilpert DDS,2887.0
Leah Auer II,1487.0
Leandro Mitchell I,2453.0
Leann Walter,2167.0
Leatrice Blick,1875.0
Leda Gusikowski V,1348.0
Lee DuBuque,1895.0
Lee Raynor,737.0
Lee Schoen Ret.,312.0
Lee Zulauf,3554.0
Leena Robel,810.0
Leia Kiehn PhD,975.0
Leif Olson,2290.0
Leif Olson,718.0
Leigh Purdy,1070.0
Lenard Carroll,1509.0
Lenard Prosacco,701.0
Lenard Schuppe,1172.0
Lenny Berge,3210.0
Leo Powlowski,2044.0
Leo Rolfson,2734.0
Leo Wuckert,1802.0
Leon Miller,770.0
Leon Padberg,1692.0
Leon Rau,1523.0
Leonardo Parisian,1567.0
Leonardo Spinka,2257.0
Leonel Sanford,2240.0
Leonida Keeling,2266.0
Leonila Berge,2505.0
Leonora Bradtke,2162.0
Leopoldo Gleichner,1808.0
Leora Bode,1874.0
Lesley Brakus,1805.0
Lesley Cummerata VM,2454.0
Lesley Durgan,2727.0
Lesley Konopelski,2182.0
Lester Mertz,1432.0
Letha Kunze,2900.0
Leticia Lemke CPA,2729.0
Lettie Considine,2418.0
Levi Schmitt DVM,1426.0
Lewis Walker,751.0
Lexie O'Conner,1950.0
Lia Lesch,2037.0
Ligia Dickens,2736.0
Lila Ruecker DVM,1802.0
Lilian Hamill,2527.0
Lillia Stehr V,1119.0
Lily Kshlerin,2930.0
Lina O'Kon,2140.0
Lincoln Kuhn Esq.,2374.0
Lindsay MacGyver,1792.0
Lindsay Sawayn,2283.0
Lindsey Mills,1829.0
Lindsey Strosin,2508.0
Lindy Kirlin,1614.0
Linh Ziemann,2094.0
Linnie Crist,2551.0
Lino Brakus,2718.0
Linwood Hirthe,1214.0
Lionel Bayer JD,2658.0
Lionel Parisian,2117.0
Lisa Fisher Esq.,1962.0
Lisbeth Lind,2865.0
Lise Conn,1640.0
Lisette Grant,2410.0
Livia Toy,1209.0
Lizabeth Stehr,1189.0
Lloyd Turcotte,1753.0
Logan Kuhlman,1538.0
Logan Lesch,1356.0
Logan Rohan,1158.0
Lola McDermott,3333.0
Loma Mohr,1442.0
Lona Johnson VM,1361.0
Long Blanda,1171.0
Lonnie Fay LLD,2746.0
Lonnie Raynor,1781.0
Lonny Hahn,1270.0
Lonny Parisian,2372.0
Loree McDermott,1702.0
Loren Stracke,1285.0
Lorette Ryan,2019.0
Lorina Cummings,1512.0
Lorita Dickinson,1630.0
Lottie Hammes,1245.0
Lou Hackett,661.0
Louella Huel,2442.0
Louis Barrows,1962.0
Louis Kirlin,2271.0
Louis Metz,2529.0
Louis Rempel,1211.0
Louis Thompson,1991.0
Lovetta Hermann,3070.0
Lowell Reinger,2854.0
Loyd McCullough I,2665.0
Lucas Deckow MD,1909.0
Lucas Jakubowski LLD,1643.0
Luci Goodwin,2243.0
Lucien Bogisich,2434.0
Lucien Huel,3620.0
Lucien Pacocha,2405.0
Lucien Satterfield,2022.0
Lucienne Marvin DC,1455.0
Lucila Koss,1963.0
Lucile Torp,3002.0
Lucius Vandervort I,1730.0
Ludivina Halvorson,2577.0
Ludivina Lang DVM,2890.0
Luetta Streich Esq.,2989.0
Luigi Hermann,1693.0
Luis Cormier,2213.0
Luis Marquardt JD,2207.0
Luis Wuckert,1281.0
Luise Russel,2347.0
Luise Wiegand,2630.0
Lulu Hackett,1491.0
Luna O'Conner MD,2310.0
Lupita Corwin Jr.,2869.0
Lura Stamm,2159.0
Luther Wunsch,2350.0
Lyda Grant,2719.0
Lyda Volkman V,2277.0
Lynda Hansen,2063.0
Lyndia Cronin VM,1811.0
Lyndon Larson,2440.0
Lyndon McClure,1916.0
Lynette Cassin,856.0
Lynna Little II,2568.0
Lynwood Krajcik,2388.0
Lynwood Wehner,1422.0
Ma Hermann,1187.0
Mabel Spencer,1208.0
Mac Boehm V,3060.0
Mac Marquardt,1827.0
Mac Quigley,1869.0
Macie Fadel MD,2170.0
Mack Kuhic,1490.0
Maddie Vandervort,2481.0
Madelyn Nolan,3101.0
Madonna Ritchie,2954.0
Maegan Hand V,2840.0
Magali Hartmann,2830.0
Magdalena Dietrich,2895.0
Magdalene Von,2195.0
Magen Lind,1842.0
Maia Graham,2654.0
Maia Greenfelder,2483.0
Maia Hahn III,2363.0
Maida Flatley Ret.,1468.0
Maida Fritsch,544.0
Makeda Halvorson,2878.0
Malcom Jast V,1676.0
Malcom Orn,2667.0
Malorie Kerluke,2112.0
Malvina Homenick III,2405.0
Man Sauer,2898.0
Mana Murazik,2270.0
Manuel Conroy,2629.0
Manuel Fritsch,812.0
Manuel Huels,1009.0
Manuel O'Reilly IV,1468.0
Marc Herzog,2207.0
Marc Kerluke,3342.0
Marc Paucek,2043.0
Marcel Smitham,1592.0
Marcelene Hamill,1580.0
Marcelene Towne,1436.0
Marcella Pfannerstill DO,1342.0
Marcellus Hirthe,1059.0
Marcellus Lowe,961.0
Marcellus Windler,1626.0
Marcene Medhurst MD,2075.0
Marcos Christiansen,1669.0
Marcos Herman,1645.0
Marcos Ward DO,3257.0
Marcus Jacobs,2282.0
Maren Hammes,1266.0
Margareta Cruickshank,1909.0
Margareta Rath,3119.0
Margareta Veum,2500.0
Margene Weber,2352.0
Margeret Altenwerth,2390.0
Margert Leffler,1779.0
Margrett Ernser CPA,1726.0
Marguerita McCullough,2070.0
Marhta Bauch DC,3009.0
Marian Legros,2221.0
Marianna Nikolaus,2567.0
Marianne Little,3191.0
Mariano Lesch,1622.0
Maricela Grant,2539.0
Marie Kemmer,1747.0
Mariel Becker,1351.0
Mariella Rice DO,383.0
Marilou Herman,2731.0
Marilu West,2533.0
Marilynn Rempel,1916.0
Marina Feest DO,3068.0
Marisha Bednar,2764.0
Marla Leffler JD,2214.0
Marlana Treutel,2509.0
Marlen Haag,2567.0
Marlena Reynolds CPA,1516.0
Marlene Murphy,3430.0
Marlin Bartell,-60.0
Marlin Kuhic,1609.0
Marlin Leannon,2352.0
Marline Morar,2004.0
Marlon Bahringer,1800.0
Marlyn Reinger,2467.0
Marlys Collier,1717.0
Marnie Cassin,1807.0
Marquis Ondricka DVM,1800.0
Marshall Klein,2551.0
Marta Kshlerin,1745.0
Martin Cartwright,726.0
Martin Medhurst,2005.0
Martin Schuppe,1135.0
Martine Mueller,2140.0
Marty Beatty III,1881.0
Marty Schowalter DC,1759.0
Marty Ziemann,2224.0
Marvel Littel,1853.0
Marvella Beahan I,2037.0
Marvella Konopelski,2917.0
Mary Fadel,2033.0
Mary Mosciski,1975.0
Mary Rutherford,1996.0
Marya Bradtke,2276.0
Maryann Heaney,2132.0
Maryann Kreiger,824.0
Maryellen Mitchell,1290.0
Maryjo Macejkovic,2447.0
Masako Trantow V,633.0
Mason Parisian,1646.0
Mathilda Beier,2941.0
Matilda Walter,1334.0
Matt Miller,1978.0
Matt Schumm,1644.0
Matthew Rogahn,2392.0
Maurice Huel,2489.0
Maurice Ratke,2547.0
Maurice Walter,1104.0
Maurita McDermott Ret.,2379.0
Mauro Fritsch,989.0
Maxine Feest,1243.0
Maxine Treutel,2394.0
Maya Rosenbaum,1559.0
Mayme Mills DC,1215.0
Mayme Turner IV,1618.0
Maynard McGlynn Esq.,2954.0
Meghan Hudson VM,1161.0
Meghan Wiegand,1645.0
Melaine Abernathy,2658.0
Melania Berge DO,550.0
Melia Toy,1242.0
Melida Okuneva,2120.0
Melissia Erdman,2140.0
Melita Crooks,2963.0
Melony Schoen Esq.,1474.0
Melvin Dietrich,1464.0
Melvina Dare,3093.0
Merlin Hoppe,1985.0
Merlin Medhurst,2531.0
Merrie Bauch,1771.0
Merrilee Hyatt,2496.0
Merrill Lemke,2216.0
Micah Carter,1739.0
Micah Jakubowski,2256.0
Micah Larkin,1614.0
Michael Breitenberg,1601.0
Michael Jacobi JD,1701.0
Michal Skiles,819.0
Micheal Casper,2094.0
Micheal Gottlieb,1877.0
Micheal Larkin,2109.0
Michel Koss CPA,2523.0
Michel Mohr,1422.0
Michel O'Connell,1776.0
Michelina Hahn,1094.0
Michell Mueller,1286.0
Mickey Doyle,1753.0
Mickey Fisher,2932.0
Mickey Smitham IV,2557.0
Mickey Stehr,2030.0
Mickey Williamson DVM,2223.0
Micki Price,2041.0
Micki Stanton,2569.0
Miguel Witting,2906.0
Mila Bogan,1395.0
Milagro Hyatt,2372.0
Milan Tremblay,1346.0
Miles Collins,2043.0
Milo Morissette,2100.0
Milton Balistreri,1842.0
Min Trantow Sr.,1773.0
Mina Gutkowski,1427.0
Mina Hirthe DDS,1524.0
Ming Torphy,2075.0
Minh Fahey LLD,2030.0
Minh Hamill,2801.0
Minnie Lebsack,1889.0
Minnie Torp,2013.0
Miquel Rau,2330.0
Miquel Turner,1810.0
Miranda Gerhold,1765.0
Mirella Franecki JD,1673.0
Mirtha Schowalter CPA,2043.0
Miss Adalberto Weissnat,2969.0
Miss Alleen Marvin,2419.0
Miss Andrew Jaskolski,1954.0
Miss Candy Jacobi,1575.0
Miss Concepcion Quigley,1198.0
Miss Conception Herzog,2892.0
Miss Corrin Gleason,2199.0
Miss Elfreda Schultz,802.0
Miss Emiko Legros,1808.0
Miss Ernie Wunsch,2319.0
Miss Fernando Littel,1705.0
Miss Fritz Welch,3321.0
Miss Giuseppina Schmidt,1934.0
Miss Jarrod Bosco,2053.0
Miss Jeromy Bayer,1849.0
Miss Kip Borer,1537.0
Miss Leanora Hoppe,2597.0
Miss Marietta Pacocha,1128.0
Miss Mary Purdy,805.0
Miss Minh Osinski,843.0
Miss Morris Hessel,1223.0
Miss Nathaniel Hudson,2214.0
Miss Odis Connelly,2911.0
Miss Particia Rice,2948.0
Miss Reinaldo Schowalter,1837.0
Miss Rosario Kautzer,1811.0
Miss Sha Reichert,978.0
Miss Shannon Schroeder,1434.0
Miss Silvia Purdy,2956.0
Miss Taisha Keeling,2266.0
Miss Therese Smith,2467.0
Misti Lynch,1404.0
Mitchel Renner,1800.0
Mitchel Schmitt,1189.0
Mitchel Williamson,4185.0
Mitchell Huel,1638.0
Mitsuko Wintheiser,1963.0
Mittie Tillman,1842.0
Modesta Buckridge,2152.0
Mohammad Moore IV,1270.0
Mohammed Renner IV,3011.0
Moira Heaney,2258.0
Moises Nicolas,2382.0
Moises Reichel,1854.0
Monique Rohan III,1016.0
Monroe Hayes,1420.0
Monroe Runte DDS,1682.0
Monte Bergstrom,1949.0
Morgan Armstrong,1453.0
Morgan Lebsack,2678.0
Moses Goodwin,1843.0
Moshe Bergstrom I,2465.0
Moshe Stiedemann,2292.0
Moshe Ziemann,2309.0
Mr. Brain Wintheiser,1600.0
Mr. Carmen Jones,2965.0
Mr. Clint Ernser,2073.0
Mr. Cristin Marquardt,2536.0
Mr. Dan Medhurst,1096.0
Mr. Deb Towne,2660.0
Mr. Dennis Schumm,2093.0
Mr. Doria Torphy,2431.0
Mr. Elina Lang,1622.0
Mr. Flavia Cassin,1727.0
Mr. Florentina Olson,2329.0
Mr. Floretta Thompson,2936.0
Mr. Gerardo Veum,1785.0
Mr. Jacques Osinski,1483.0
Mr. Jamar Kshlerin,2382.0
Mr. Jarvis Mraz,1400.0
Mr. Jorge Spinka,1406.0
Mr. Katelynn Abbott,1628.0
Mr. Kelli Crist,1916.0
Mr. Korey Zemlak,1211.0
Mr. Kurt Schiller,2158.0
Mr. Lakendra Quigley,1765.0
Mr. Leontine Gerhold,1414.0
Mr. Marcus Hilll,2492.0
Mr. Mitch Rice,2723.0
Mr. Rubin Runolfsson,2092.0
Mr. Seth Brekke,1634.0
Mr. So Gorczany,2448.0
Mr. Tyrell Cummings,1451.0
Mr. Vonnie Kub,2168.0
Mrs. Adrian Jenkins,2926.0
Mrs. Alejandro Carroll,2164.0
Mrs. Arnulfo Sipes,2886.0
Mrs. Aubrey Waelchi,1523.0
Mrs. Ava Feil,1950.0
Mrs. Bambi Monahan,1832.0
Mrs. Bertram O'Hara,1057.0
Mrs. Buffy Hane,2436.0
Mrs. Damian Gulgowski,3516.0
Mrs. Darren Corkery,1197.0
Mrs. Elinore Dicki,1654.0
Mrs. Eusebio Dach,1820.0
Mrs. Harley Little,1902.0
Mrs. Ivory Torphy,2972.0
Mrs. Jessie Rutherford,3661.0
Mrs. Lara Heaney,3314.0
Mrs. Leesa Kuhn,2263.0
Mrs. Lillia Sipes,1729.0
Mrs. Lou Koepp,2938.0
Mrs. Markus Cassin,1624.0
Mrs. Melia Goodwin,1853.0
Mrs. Mercy Stark,2527.0
Mrs. Milan Gleason,2181.0
Mrs. Milford Collier,2234.0
Mrs. Mitchell Schmitt,3187.0
Mrs. Nicky Sipes,1247.0
Mrs. Rosalee Bruen,569.0
Mrs. Ruth Ruecker,1818.0
Mrs. Sharen Ziemann,2422.0
Mrs. Shawnna Grant,2265.0
Mrs. Theo Lockman,2421.0
Ms. Amado Johnson,362.0
Ms. Beverly Barton,1724.0
Ms. Brant Bauch,2842.0
Ms. Bridget McGlynn,1907.0
Ms. Catherina Stark,1705.0
Ms. Cecil Luettgen,443.0
Ms. Cecilia Parker,2875.0
Ms. Chanel Legros,2281.0
Ms. Chrissy Weber,3129.0
Ms. Colby Heidenreich,1986.0
Ms. Curtis Lang,2429.0
Ms. Dominick Crona,1863.0
Ms. Dona Prohaska,2264.0
Ms. Dorsey Von,2637.0
Ms. Guillermo Heller,1982.0
Ms. Hwa Casper,1948.0
Ms. Jamaal Parisian,2056.0
Ms. Jason Kassulke,2229.0
Ms. Jolyn White,2099.0
Ms. Keneth Murphy,1797.0
Ms. Kurt Stehr,1781.0
Ms. Louie Mills,2603.0
Ms. Maile Stroman,3442.0
Ms. Maxine Haag,2484.0
Ms. Monika Kerluke,2552.0
Ms. Morton Cronin,2658.0
Ms. Nina Adams,2779.0
Ms. Noe McDermott,1512.0
Ms. Ollie Breitenberg,2102.0
Ms. Quinn Mueller,1312.0
Ms. Reyna Rogahn,420.0
Ms. Roosevelt Abbott,1980.0
Ms. Rosaura Trantow,931.0
Ms. Roselyn Lakin,1867.0
Ms. Sebastian Johnson,2415.0
Ms. Sherwood Leannon,1871.0
Ms. Tanisha Cartwright,2217.0
Ms. Taylor Rowe,3630.0
Ms. Terence Prosacco,1871.0
Ms. Tiffanie Weimann,1520.0
Ms. Zachary Muller,2370.0
Ms. Zenia Senger,1377.0
Msgr. Andre Hayes,1469.0
Msgr. Basil Collins,2349.0
Msgr. Coralee Pfannerstill,2556.0
Msgr. Corina Dach,1372.0
Msgr. Damian Fritsch,1969.0
Msgr. Ester Bode,2721.0
Msgr. Frida Hoppe,2327.0
Msgr. Gertrud Morissette,1955.0
Msgr. Hedy Larkin,2790.0
Msgr. Hope Collins,2440.0
Msgr. Isabelle Pacocha,2305.0
Msgr. Jerrold Jaskolski,2591.0
Msgr. Kiley O'Keefe,1664.0
Msgr. Laureen Bashirian,1881.0
Msgr. Lawrence Hermiston,2071.0
Msgr. Lorelei Jakubowski,2899.0
Msgr. Louie Haag,1604.0
Msgr. Margit O'Connell,2749.0
Msgr. Nan Reichert,2074.0
Msgr. Neida Hamill,1016.0
Msgr. Porfirio Paucek,1976.0
Msgr. Refugia Walsh,2852.0
Msgr. Rema Larkin,2184.0
Msgr. Rigoberto Mosciski,1343.0
Msgr. Robby Christiansen,1615.0
Msgr. Rodrigo Adams,1912.0
Msgr. Santina Howell,2307.0
Msgr. Shala Schuster,1982.0
Msgr. Shirlene Glover,2245.0
Msgr. Sterling Kunze,2926.0
Msgr. Tish Welch,2415.0
Msgr. Tracy Price,1275.0
Msgr. Zona Bauch,2554.0
Myrl Spinka,2422.0
Myrta Toy,2407.0
Myrtis Fritsch,1493.0
Naoma Romaguera,2373.0
Naomi Farrell,3089.0
Narcisa Pagac,3003.0
Nathan Larson,2147.0
Nathanael Schiller,1949.0
Nathanael Witting VM,2648.0
Nathaniel Raynor,1809.0
Neal Davis,2645.0
Neal Stark DC,2391.0
Nedra Konopelski,926.0
Neely Lockman,3392.0
Neil Pfannerstill VM,1401.0
Nelia Olson Esq.,2045.0
Nellie Herman,2571.0
Nellie Keebler,1332.0
Nellie Shanahan,1485.0
Neoma Hintz CPA,2808.0
Neomi Homenick LLD,1432.0
Nereida Leannon,1806.0
Nery Johnson,2655.0
Nestor Johnston DO,2855.0
Neta Hoeger,2440.0
Neta Koch CPA,1683.0
Nettie Macejkovic,1174.0
Nicholle Lebsack,2321.0
Nick Schaden,887.0
Nick Von,968.0
Nicki Fritsch,2408.0
Nicki Hintz,1310.0
Nickie Mraz,2125.0
Nickolas Senger,2833.0
Nickole Collier,2638.0
Nicky Renner,2186.0
Nicolas Brekke,613.0
Nicolas Jacobi,2424.0
Nicolas Kunde,2825.0
Nicole Schmidt I,2339.0
Nidia Lockman,1346.0
Nidia Walker,1358.0
Niesha Bogan,2638.0
Nieves Miller JD,2778.0
Nikia Fahey,1867.0
Nikia Marvin,770.0
Nikita Zulauf,680.0
Nisha Altenwerth,1049.0
Nita Lemke,885.0
Noble Hudson,2099.0
Noble Weimann,2762.0
Noel Fisher,2978.0
Noel Hauck,2527.0
Noel Reichel,2286.0
Noelle Gleason,1758.0
Nohemi Wilderman,2080.0
Nolan Bins,1964.0
Nona Barrows PhD,2199.0
Nona Langosh,2127.0
Nora Fahey,1777.0
Norbert Hessel DC,2052.0
Norbert Howe,2677.0
Norene Kuphal,2090.0
Norma Rogahn,2708.0
Norman Bergnaum,1483.0
Norman Waters,1629.0
Norris Crona DC,1099.0
Nova Halvorson MD,2267.0
Nu Windler VM,2867.0
Numbers Hoppe Jr.,1437.0
Numbers Koss,2507.0
Numbers Pollich,2295.0
Nyla Dooley,1883.0
Nyla Hansen Ret.,1697.0
Odessa Reinger,1737.0
Odette Schultz,1248.0
Odilia Roberts,1206.0
Ola Powlowski,3000.0
Olen Leuschke,1383.0
Olga Lemke,2394.0
Olinda Medhurst,2197.0
Olivia Harber DVM,2069.0
Ollie Bauch,1781.0
Ollie Bins,2194.0
Ollie Mraz,2143.0
Oma Hammes,1934.0
Omar Homenick,2411.0
Ona Smith,3068.0
Oralee Marks I,1888.0
Oralia Bechtelar DO,739.0
Oren Kassulke,2499.0
Oretha Marks,1515.0
Orlando Monahan,690.0
Orpha Kuhlman,2875.0
Orval Will JD,1508.0
Orville Schiller,1475.0
Oscar Schuppe,2389.0
Osvaldo Reilly,1592.0
Osvaldo Stamm DVM,895.0
Oswaldo Anderson,1480.0
Otis Adams,775.0
Otto Douglas,3407.0
Otto Kshlerin,2923.0
Owen Barton,1126.0
Owen Fisher Esq.,1839.0
Pa Herzog,2360.0
Pam Zboncak,2184.0
Pamala Macejkovic II,3488.0
Pamela Windler,2298.0
Pamella Kessler,1545.0
Paris Reinger,2400.0
Paris Tremblay,2433.0
Particia Collins PhD,1452.0
Pasquale Bergnaum MD,3038.0
Pasty Waters,2473.0
Pat Gorczany,2273.0
Pat Stracke,2468.0
Patria Hills,2578.0
Patricia Schmitt,2885.0
Patricia Ullrich,2692.0
Patricia West,2376.0
Patrick Mitchell,1806.0
Patty Paucek MD,1915.0
Paul Rowe,1341.0
Paulette Wilderman,2676.0
Paulita Miller,2263.0
Peggy Braun V,2515.0
Penelope Predovic,1871.0
Percy Carter,934.0
Percy Wintheiser,2080.0
Perla Reichel,2493.0
Perry Carroll,2664.0
Philip Volkman LLD,2408.0
Phoebe Stehr,1525.0
Phuong Cole,1510.0
Pia Gerhold,1446.0
Pierre Fisher,3051.0
Pierre Rau,1852.0
Pierre Schuster,1525.0
Pilar Kuhlman,2037.0
Pilar Prosacco Jr.,1852.0
Pinkie Sawayn,3013.0
Porfirio Goodwin,1266.0
Porsche Zieme,1733.0
Porsha Ferry VM,1714.0
Precious Braun,2703.0
Pres. Antonio Barton,1089.0
Pres. Antony Cassin,2720.0
Pres. Bennie Jones,2660.0
Pres. Bulah Kulas,2058.0
Pres. Caroyln Glover,2166.0
Pres. Chauncey Keeling,1644.0
Pres. Corina Reynolds,1781.0
Pres. Danilo Hoeger,1934.0
Pres. Dee Daniel,2610.0
Pres. Dominica Sporer,2472.0
Pres. Edmund Mertz,2605.0
Pres. Elmo Nitzsche,332.0
Pres. Emily Renner,2307.0
Pres. Enoch Nitzsche,2054.0
Pres. Erich Trantow,2612.0
Pres. Exie Emmerich,2230.0
Pres. Gregory Schaden,906.0
Pres. Horacio Lowe,1534.0
Pres. Jacques Jaskolski,2600.0
Pres. Jason Weissnat,2151.0
Pres. Julissa Okuneva,2412.0
Pres. King Stark,1749.0
Pres. Lacy Murphy,1192.0
Pres. Leatha Kirlin,2042.0
Pres. Lynette Weber,2575.0
Pres. Mae Upton,1698.0
Pres. Moon Miller,2142.0
Pres. Nicky Ernser,1737.0
Pres. Oren Schaden,1588.0
Pres. Riva Toy,2256.0
Pres. Rudy Langosh,1659.0
Pres. Stacey Hayes,1116.0
Preston Aufderhar,3041.0
Preston Hoppe,1102.0
Preston Lind DO,1620.0
Preston Schaden,2242.0
Preston Schultz,1804.0
Prince Lubowitz VM,2166.0
Princess McDermott,1717.0
Princess Orn,1471.0
Prof. Andera Wolff,3252.0
Prof. Claris Skiles,1853.0
Prof. Corrina Schroeder,1599.0
Prof. Daryl Mertz,2330.0
Prof. Dewayne Fisher,2049.0
Prof. Edmond Ankunding,3046.0
Prof. Gilbert Hand,1979.0
Prof. Josef Dickinson,1856.0
Prof. Kam Homenick,1131.0
Prof. Klara Bogisich,754.0
Prof. Leann Olson,2070.0
Prof. Lynn Schulist,2666.0
Prof. Mark Fay,2141.0
Prof. Marx Johns,1834.0
Prof. Mi Kunze,3222.0
Prof. Morgan Daniel,2823.0
Prof. Omega Adams,2216.0
Prof. Oralee Ziemann,1859.0
Prof. Perry Heaney,2071.0
Prof. Robin Luettgen,1887.0
Prof. Ronald Greenholt,1314.0
Prof. Royce Connelly,738.0
Prof. Taina Wilderman,1780.0
Quentin Bailey DDS,1926.0
Quentin Pollich II,2273.0
Quincy Cummings PhD,1768.0
Quintin Rath III,2616.0
Quyen Waters,2370.0
Rachell Jacobs PhD,2250.0
Raelene Brakus II,2865.0
Rafael Wiegand,1391.0
Rafaela Keebler V,2117.0
Raguel Bahringer,2190.0
Raina Nienow,2699.0
Ralph Gleichner,1861.0
Ramiro Mraz,2381.0
Ramon Leuschke IV,2058.0
Ranae Gutkowski,1670.0
Randa O'Connell VM,1229.0
Randa Towne,2389.0
Randa Yundt,2572.0
Randal Wiza,765.0
Randall McCullough,1428.0
Randell Jenkins,1561.0
Randi Cummerata,2063.0
Randolph Howell,1103.0
Randy Kassulke IV,1848.0
Randy Lebsack,2475.0
Raphael Emard,1854.0
Rashad Skiles,2153.0
Rasheeda Fisher,2244.0
Raven Block,2236.0
Raven Stanton,1765.0
Ray Greenfelder,984.0
Ray Runolfsdottir Esq.,2611.0
Rayford Cole,1908.0
Raylene Gibson,1299.0
Raymon Tillman,2589.0
Raymonde Bode,2064.0
Raymundo Zieme,2150.0
Reatha Collier,2855.0
Refugio Denesik,754.0
Refugio Mills II,2578.0
Reginald Klein JD,2625.0
Regine Kunde,1585.0
Reid Conroy,2044.0
Reid Mante,271.0
Reinaldo Hayes,2255.0
Renae Jerde,1991.0
Renato Quigley DO,1830.0
Renato Yundt,2522.0
Renay Hansen,1496.0
Rene Wolf Sr.,2286.0
Renita Rohan,2963.0
Renna Beer,1645.0
Rep. Anderson Emard,1546.0
Rep. Annie Ankunding,1824.0
Rep. Ayako Greenfelder,2836.0
Rep. Barbara Schiller,2171.0
Rep. Belva Boyer,2303.0
Rep. Brent West,2056.0
Rep. Carey Ryan,1446.0
Rep. Carson Casper,3049.0
Rep. Chastity Monahan,1334.0
Rep. Deangelo Pouros,2455.0
Rep. Demetrius Rosenbaum,1940.0
Rep. Dominick Becker,1281.0
Rep. Eldon Franecki,2402.0
Rep. Forrest Terry,1833.0
Rep. Franklyn Rolfson,1582.0
Rep. Gil Corkery,2165.0
Rep. Irvin Bernhard,1661.0
Rep. Jed Littel,2115.0
Rep. Joseph Gleichner,2167.0
Rep. Junior Prosacco,2700.0
Rep. Junior Turcotte,1882.0
Rep. Lacy Kerluke,2735.0
Rep. Lorilee Bechtelar,1677.0
Rep. Magali Schuster,1595.0
Rep. Morris Quigley,1757.0
Rep. Mose Hirthe,2280.0
Rep. Nicholas O'Connell,2031.0
Rep. Portia Stiedemann,2899.0
Rep. Rayford Flatley,2534.0
Rep. Roselee Veum,1956.0
Rep. Rubin Dibbert,1299.0
Rep. Sammie Berge,1912.0
Rep. Shanell Klocko,1551.0
Rep. Ted Erdman,1063.0
Rep. Teofila Towne,2237.0
Rep. Van Mosciski,2449.0
Ressie Corwin,2244.0
Rev. Adan Mitchell,2037.0
Rev. Aline Hills,2282.0
Rev. Benito Kreiger,3186.0
Rev. Berry Dibbert,2519.0
Rev. Chadwick Fahey,1750.0
Rev. Cheryll O'Hara,2739.0
Rev. Cinderella Kerluke,1720.0
Rev. Clifford Green,3548.0
Rev. Darin Nolan,2298.0
Rev. Daryl Bogisich,2254.0
Rev. Delia Bailey,852.0
Rev. Duane Lowe,2110.0
Rev. Emery O'Reilly,2054.0
Rev. Ezra Rowe,2735.0
Rev. Garret Gerlach,2354.0
Rev. Genaro Leffler,2686.0
Rev. Hisako Torp,1692.0
Rev. Ismael Kiehn,3267.0
Rev. James Kuphal,2734.0
Rev. Jamey Medhurst,2241.0
Rev. Jana Schumm,3115.0
Rev. Julio Hand,3044.0
Rev. Leo Bailey,1286.0
Rev. Lorretta Harber,2410.0
Rev. Maudie Metz,709.0
Rev. Mickey Considine,2041.0
Rev. Mikel Price,2193.0
Rev. Ming Conn,3649.0
Rev. Normand Herzog,1095.0
Rev. Reid Murray,2011.0
Rev. Ron Bogisich,1962.0
Rev. See Satterfield,1312.0
Rev. Sergio Cartwright,2356.0
Rev. Shad Parisian,2909.0
Rev. Siu Walsh,2339.0
Rev. Tamala Jones,1293.0
Rev. Traci Friesen,1475.0
Reynaldo Baumbach,689.0
Reynaldo Gerlach,1788.0
Reynaldo Ratke,1702.0
Rhett Feeney,2745.0
Richard Hermann,2854.0
Richie Gleichner III,3272.0
Rick Williamson,1928.0
Rickie Tromp,1349.0
Ricky Lehner JD,1000.0
Riley Breitenberg,2493.0
Rita Borer,1806.0
Robbie Rogahn,1729.0
Robbie Weber,616.0
Robbin Runolfsson II,1589.0
Robby Kohler DC,2050.0
Robby Mosciski,2579.0
Robbyn Leffler,2583.0
Robbyn Ryan,2435.0
Robert Auer LLD,1369.0
Robert Corkery I,1187.0
Robert Wiegand,2388.0
Roberta Hamill,2143.0
Robin Mraz,1298.0
Robin Thompson,2001.0
Robt Wilderman,720.0
Rocco Johnson CPA,2336.0
Rochelle Terry,2766.0
Rocky Greenholt VM,1952.0
Rocky Herman PhD,2212.0
Rocky Koch,2687.0
Rod Tremblay,2367.0
Rodger Fadel,2601.0
Rodger Ryan I,303.0
Rodrick Jenkins,1986.0
Rodrick Ward,2676.0
Rodrigo Rice,1722.0
Rodrigo Sauer,1265.0
Rolando Hickle,1768.0
Rolf Goldner,2028.0
Rolland Lemke,2554.0
Rolland Sauer,2170.0
Romana Mayert,1950.0
Romeo King,1545.0
Romeo Nitzsche,3395.0
Romeo Schmitt,1801.0
Romona Funk,1721.0
Ron Adams DDS,1844.0
Ron Auer,2161.0
Ron Lemke,1494.0
Rona Ondricka,2028.0
Ronald Corwin DC,1509.0
Ronald Howell,3158.0
Ronald Welch,2661.0
Ronna Flatley,2686.0
Ronni Altenwerth,2670.0
Ronni Bogisich,3312.0
Ronnie Cummerata II,2248.0
Ronnie Reinger CPA,2729.0
Roosevelt Erdman DC,3490.0
Roosevelt Halvorson,2702.0
Roosevelt Predovic,2413.0
Rory Auer DVM,1793.0
Rosa Swift,2182.0
Rosa Wiegand Jr.,2370.0
Rosalba Gibson,694.0
Rosalba Oberbrunner,2575.0
Rosalee Marvin,1846.0
Rosalina Jacobi,2416.0
Rosalina Langosh,2806.0
Rosalind Hermiston,1401.0
Rosalva Jenkins,928.0
Rosaria Hartmann,2804.0
Rosario Kuvalis,1986.0
Rosaura Kozey,1933.0
Rose Deckow Ret.,1056.0
Rose Ernser I,1956.0
Roselee Dickinson,2487.0
Roselee Tremblay,1145.0
Roselyn Rolfson,2787.0
Rosendo Jacobi,1752.0
Rosendo Skiles,2174.0
Rosette Rohan,1710.0
Ross Williamson,2037.0
Rosy Olson,2228.0
Rubie Kautzer,2957.0
Rubin Becker,2462.0
Rubin Breitenberg DO,2219.0
Rubin Gorczany,1862.0
Rubin Kirlin,1872.0
Rueben Moore,991.0
Rueben Stokes,2439.0
Rueben Wisoky,2834.0
Rufus Olson,2216.0
Rupert Barton,2606.0
Rupert Farrell,1970.0
Russ McClure,2766.0
Russel Jones,2026.0
Russel Jones,2397.0
Russel Welch Ret.,2487.0
Rusty Miller Esq.,736.0
Rusty Stracke DC,2909.0
Ryan Cremin,2208.0
Sadye Volkman I,2458.0
Sal Wehner,2845.0
Salina Miller,1869.0
Salley Wuckert,1870.0
Salvador Dach,3288.0
Salvador Dickens,1410.0
Salvatore Ernser,2197.0
Salvatore Gerlach,1581.0
Sam McDermott,2154.0
Sam O'Hara,1464.0
Sam Reilly,1978.0
Sammie Schuster,2428.0
Sammy Bernhard Esq.,2650.0
Sammy Hoeger,1900.0
Samuel Considine,2235.0
Sandi Pouros,1600.0
Sandie Waelchi,2797.0
Sandy Doyle,1581.0
Sandy Lemke DO,1957.0
Sang Botsford,2600.0
Santiago Hahn Jr.,1467.0
Saul Brakus,1990.0
Savannah Hackett,2549.0
Scot Batz,2783.0
Scot Huels,2176.0
Scott Gottlieb,1527.0
Scottie West,3097.0
Scotty DuBuque,2614.0
Scotty Reinger V,1998.0
Scotty Schumm,1535.0
Sean Donnelly,2312.0
Sebastian Ondricka,882.0
See Cremin,2253.0
Seema Shanahan,1870.0
Selena Hansen,2572.0
Sen. Aaron Batz,1379.0
Sen. Akilah Rutherford,1984.0
Sen. Alfonso Block,2217.0
Sen. Anthony Rosenbaum,1918.0
Sen. Ashlyn Ebert,1125.0
Sen. Bennett Kunde,2835.0
Sen. Carol Lakin,800.0
Sen. Casandra Pfeffer,2565.0
Sen. Cecil Dickens,2036.0
Sen. Chung Casper,2031.0
Sen. Clyde Jaskolski,1554.0
Sen. Damaris Ziemann,2568.0
Sen. Del Wolf,1925.0
Sen. Dorian Frami,1572.0
Sen. Edgar Block,1029.0
Sen. Eldon Streich,2190.0
Sen. Elenora Fay,2159.0
Sen. Eliseo O'Connell,1404.0
Sen. Eugene Murazik,1514.0
Sen. Eusebio Langworth,1667.0
Sen. Hipolito Bednar,1903.0
Sen. Ira Schroeder,2607.0
Sen. Jared Medhurst,1948.0
Sen. Jeffery Wiegand,1905.0
Sen. Jenise Kessler,2288.0
Sen. Jerald Macejkovic,2592.0
Sen. Johnathon Weissnat,1332.0
Sen. Josette Moore,3183.0
Sen. Judson Champlin,1597.0
Sen. Karyl Jacobs,1644.0
Sen. Kimberlie Goyette,1969.0
Sen. Le Zulauf,1574.0
Sen. Mallie Maggio,2325.0
Sen. Meridith Kuhic,418.0
Sen. Nan Turcotte,1493.0
Sen. Pasquale Klocko,1569.0
Sen. Rigoberto Baumbach,1684.0
Sen. Sarita Leffler,2356.0
Sen. Sylvester Waelchi,2311.0
Sen. Terrance Lang,1513.0
Sen. Van Sanford,3190.0
Sen. Waylon Powlowski,1688.0
Sen. Wilber Moore,1563.0
September Leffler,3004.0
Sergio Hoppe,1234.0
Sergio Stoltenberg,2024.0
Serina Wolf JD,2222.0
Seth Mann,242.0
Seymour Homenick,2509.0
Shakira Gibson,1470.0
Shakira Gleason MD,2123.0
Shalonda Hessel Ret.,1787.0
Shan Schaden,2628.0
Shanda Johnston,1433.0
Shane McDermott,2015.0
Shane Torp III,1646.0
Shanika Fahey,1300.0
Shanika Morar,1552.0
Shannon Hodkiewicz,1456.0
Shannon Stiedemann,2670.0
Shanta Medhurst,1851.0
Shanta O'Keefe,2625.0
Shantel Erdman II,1896.0
Shanti Franecki,968.0
Shaquita Lueilwitz CPA,1884.0
Shara Conroy,1990.0
Shara Greenfelder DC,1111.0
Shari Leffler Sr.,578.0
Sharika Schaden,1971.0
Sharilyn Kreiger,2445.0
Sharilyn Lubowitz,1400.0
Sharla Medhurst,3061.0
Sharron Hegmann,2195.0
Sharyl Sporer,2981.0
Shaun Abshire,2005.0
Shaun Erdman,980.0
Shaunna Marvin,2026.0
Shaunta Orn,1860.0
Shavonda Corwin,2441.0
Shawana Grimes,1886.0
Shawn Rau,1879.0
Shawn Tromp,2061.0
Shayne Haag,2363.0
Sheba Satterfield,2118.0
Sheila Dicki,1436.0
Shelby Becker,3126.0
Sheldon Streich Sr.,1410.0
Shella Dibbert Esq.,2368.0
Shella Green,637.0
Shellie Murray,2485.0
Shelly Kihn DDS,1272.0
Shemeka Lakin DDS,1768.0
Shenika Harris,3615.0
Shera Ritchie,2316.0
Sheree Stokes,1484.0
Sheri Wintheiser,2115.0
Sherie Goodwin,1263.0
Sherie Jerde Sr.,2452.0
Sherise Kessler,1604.0
Sherman Gutmann,1692.0
Sherrell Kiehn DC,1256.0
Sherwood Quitzon,1099.0
Sheryl Schmitt,1713.0
Shin Rogahn,1774.0
Shon Maggio,1719.0
Shon Shields,1837.0
Shondra Schaden,1635.0
Shyla Dickens,2609.0
Sid Gleason,2393.0
Sidney Hartmann,1170.0
Sigrid Heidenreich,1682.0
Silas Kautzer,2935.0
Sixta Flatley,3000.0
Sixta Labadie,2033.0
Slyvia Keebler,1261.0
So Ankunding,2740.0
Sol Aufderhar,3388.0
Solomon Grant,1620.0
Solomon Kuhlman,616.0
Solomon Larkin,2609.0
Sonja Rosenbaum,1622.0
Sonya Hegmann,2073.0
Sonya Stark,1387.0
Sparkle Romaguera,2010.0
Stacey Reichel VM,849.0
Stacy Little,1933.0
Stanley Fadel VM,2099.0
Stanley Hegmann,2609.0
Stanley Lesch,1499.0
Stanton Bosco,1272.0
Stanton Hamill DC,1499.0
Stefan Effertz,1195.0
Stefan Johnson,1407.0
Stefan Quigley,977.0
Stefanie Graham,1908.0
Stepanie Smith,2397.0
Stephan Wehner,1728.0
Stephania Lemke,1794.0
Stephanie Heidenreich,799.0
Stephany Hackett MD,1341.0
Stephany O'Reilly,1132.0
Stephenie Zboncak JD,2415.0
Stephnie Schroeder DDS,1383.0
Sterling Mayert,3071.0
Sterling Wilkinson,1587.0
Steven Brakus DO,2635.0
Steven Ebert,1051.0
Steven Lang,2281.0
Stevie Blick DVM,2001.0
Stevie McDermott,2549.0
Stuart Bernhard,1051.0
Stuart Buckridge,2354.0
Stuart Thiel,251.0
Su Littel,3003.0
Sumiko Adams,1186.0
Sung Senger Jr.,2301.0
Sung Weber,2287.0
Susy Wiza,1983.0
Svetlana Quitzon,2307.0
Sylvester Feest,2005.0
Sylvie Boehm I,1364.0
Ta Runolfsdottir,1557.0
Tajuana Dicki,1890.0
Talitha Greenholt,2633.0
Tamekia Bode,1028.0
Tamika Larson,2024.0
Tammara Lowe,2884.0
Tammi Feil,1484.0
Tammi Harris,1411.0
Tamra Greenholt,1799.0
Tamra Thiel,1399.0
Tandra Carroll,1797.0
Taneka Trantow,717.0
Tanesha Lemke,1914.0
Tanisha Auer,1799.0
Tanisha Hoeger,2114.0
Tanja Collins I,1879.0
Tanner Dare,2366.0
Tanner Ward,1681.0
Tawana Herzog PhD,1694.0
Tawanda Kuvalis VM,788.0
Tawanda Schmidt,2890.0
Tawnya Hilll,2604.0
Taylor Berge II,2276.0
Ted Nader,3152.0
Ted Schuster,2076.0
Teddy Krajcik,2118.0
Teena Stoltenberg,2456.0
Telma Gorczany,2436.0
Temeka Armstrong,2409.0
Temeka Berge,2455.0
Tempie Dicki,2603.0
Temple Murazik,2111.0
Tenesha Cormier,2191.0
Tera Kautzer,1718.0
Tereasa Dietrich,2701.0
Terence King,1860.0
Teresia Greenfelder,1802.0
Teresia Johns,1808.0
Teresia Paucek,1104.0
Teressa Runolfsdottir,1833.0
Teri Yundt,1210.0
Terrell Buckridge Ret.,2839.0
Terrence Beer,2177.0
Terresa Zieme,1752.0
Terri Emard,958.0
Terri Pouros,2606.0
Tess Gerhold,2387.0
Thad Boyle,2423.0
Thad Gulgowski,2526.0
Thaddeus Quitzon,2166.0
Thaddeus Stanton II,1858.0
Thaddeus Willms,2805.0
Thalia Erdman,2539.0
Thanh Christiansen,1957.0
Thanh Ernser,1466.0
Thanh Jones,1831.0
Thanh Schowalter,1885.0
The Hon. Alise Kuhic,2049.0
The Hon. Arthur Luettgen,843.0
The Hon. Chuck Kohler,2829.0
The Hon. Claude Parisian,1230.0
The Hon. Coy Huel,1334.0
The Hon. Ellsworth Swaniawski,2340.0
The Hon. Etsuko Jones,1321.0
The Hon. Fausto Kertzmann,2009.0
The Hon. Garland Thompson,2423.0
The Hon. Georgeann Bernier,1816.0
The Hon. Heidy Moen,1590.0
The Hon. Justina Rempel,3142.0
The Hon. Keith Dooley,2009.0
The Hon. Lon Wiegand,2600.0
The Hon. Louann Mitchell,2281.0
The Hon. Mohammed Auer,3074.0
The Hon. Morgan Kub,2621.0
The Hon. Myrl Schamberger,1762.0
The Hon. Raquel Wintheiser,2758.0
The Hon. Ryan Kunze,2487.0
The Hon. Sandy Koss,1446.0
The Hon. Shantae Quigley,2548.0
The Hon. Talia Runte,1434.0
The Hon. Tamar Aufderhar,1629.0
The Hon. Tyree Hirthe,3190.0
The Hon. Voncile Muller,2601.0
The Hon. Zola Mraz,1493.0
Theda Braun,1897.0
Theo Beier,1717.0
Theodora Ankunding,3051.0
Theodore Rowe LLD,2103.0
Therese Schaden,2463.0
Theron Hettinger,943.0
Thomas Bosco,1727.0
Thomasena Stark,2335.0
Thomasine Ratke,2229.0
Thurman Mitchell,1622.0
Thurman O'Reilly II,1226.0
Thuy Lang,2809.0
Thuy Smith,2101.0
Tia Collier,1627.0
Tianna O'Connell,1744.0
Tim Ruecker,2250.0
Timmy Grady,2066.0
Timothy MacGyver,1816.0
Tobias Moen,1402.0
Tobias Quigley,2232.0
Toby Swift,2571.0
Tod Boehm,1118.0
Todd Lowe V,1664.0
Tomas Crist,2111.0
Tomas Satterfield,2677.0
Tomas Witting,1720.0
Tomika Parisian,2648.0
Tommie Reichel,2098.0
Tommye Schamberger,1425.0
Tomoko Stoltenberg,2418.0
Tonda Reichert,2618.0
Tonette Tillman,2102.0
Toney Leuschke,2406.0
Tony Johnston JD,2777.0
Tora Miller,1897.0
Tory Adams,2103.0
Tory Kertzmann,2769.0
Toshiko Brekke,746.0
Tracey Reynolds,3439.0
Tracy Robel IV,1887.0
Tracy Sporer,3089.0
Tracy Torp,2181.0
Tracy Wiza,1452.0
Trang Moore CPA,2193.0
Travis Doyle V,1592.0
Travis Yost,2685.0
Trent Tillman,2712.0
Trenton Conroy,2846.0
Trevor Johns,1604.0
Trevor Roberts,1355.0
Trevor Williamson,3166.0
Trinh Jast,982.0
Trinity Kuhic,1479.0
Tristan Rutherford,1315.0
Troy Kshlerin,2576.0
Trudie Bechtelar,2432.0
Trula Huel,1441.0
Twana Gutkowski,1795.0
Ty Jacobi DVM,2080.0
Ty Senger,1882.0
Tyisha Dickinson,1985.0
Tyler Osinski,1249.0
Tynisha Keebler,2520.0
Tyrell Corwin,1195.0
Tyrell Weimann,1379.0
Tyron Emmerich,2202.0
Tyron O'Keefe,987.0
Ula Swift,3474.0
Ulrike Kling,1635.0
Ulysses Crooks,2208.0
Ulysses Durgan DO,2480.0
Ulysses Morar,1979.0
Un Heller,2192.0
Ute Kiehn,1050.0
Vada Schamberger Jr.,1813.0
Val Gibson V,1919.0
Valencia Braun,1259.0
Valencia Hintz,1950.0
Valentin Champlin,2014.0
Valentine Goodwin,1845.0
Valentine Schimmel,2231.0
Valery Lebsack,1143.0
Van Kshlerin,2717.0
Vanda Cole,1717.0
Vanita Prohaska,1734.0
Vasiliki Goodwin,1824.0
Velda Witting,1560.0
Vella Balistreri,2689.0
Velvet Grimes,2277.0
Velvet McKenzie,1975.0
Verla Dicki Jr.,1973.0
Vern Fahey,2275.0
Vern Kemmer,1602.0
Vicente Dibbert,2488.0
Vickey Rohan,1961.0
Vickie Metz Ret.,1635.0
Vicky Mann IV,2419.0
Victor Boehm MD,2562.0
Victor Walsh,1809.0
Vince Becker,1644.0
Vince Brakus,2344.0
Vincent Brakus,2333.0
Vincent Hills,1037.0
Vincent Kling V,1055.0
Vincenzo Lynch,391.0
Vinita Haag,1004.0
Vinita Hyatt,2106.0
Violeta Zieme JD,1746.0
Violette Schowalter,2969.0
Virgina Stamm V,2103.0
Vito Leannon,1000.0
Von Kovacek,3422.0
Von Romaguera,2153.0
Vonda Treutel,2347.0
Waldo Bernier,1783.0
Walton Cartwright DVM,2648.0
Warren Cormier,2155.0
Warren Gulgowski,1718.0
Wayne Ledner,1689.0
Wei Bergstrom,2837.0
Wei Schroeder,1854.0
Weldon Pfeffer,1876.0
Wendell Collins,2722.0
Wendell Koepp,1078.0
Wendy Dach,2151.0
Wendy Willms,2082.0
Werner Weimann,1067.0
Wesley Gibson,2058.0
Wesley Kassulke,3095.0
Weston Christiansen,3157.0
Weston Pouros,2708.0
Weston Upton,1475.0
Wilbert Farrell,861.0
Wilbert Schumm,2111.0
Wilbur Gutkowski,1761.0
Wilbur Wintheiser,1705.0
Wilda Von V,528.0
Wiley Dickens,2366.0
Wiley Grimes,1621.0
Wilford Hoppe,1515.0
Wilfred Quitzon,1062.0
Wilhemina Lehner,1109.0
Willa Abernathy,1058.0
Willard Doyle,2829.0
Willette Pacocha,1295.0
Willie Bergnaum,2340.0
Willie Schoen,1769.0
Willis Hoppe,2091.0
Willis Schaden,2573.0
Willy Bailey,1672.0
Willy Krajcik DVM,1951.0
Wilmer Rodriguez,1368.0
Winford Crooks,1975.0
Winford Farrell DVM,1344.0
Winford Macejkovic,2537.0
Winford Walter,2260.0
Winnifred Quitzon,1493.0
Winnifred Schuster,2145.0
Wm Raynor,1978.0
Wm Runolfsson,3133.0
Woodrow Purdy,449.0
Wyatt Leffler,2928.0
Wyatt Spencer,1466.0
Wynell Dickens Esq.,1913.0
Wynona Altenwerth,1657.0
Yadira Lueilwitz MD,2018.0
Yadira Quitzon,1703.0
Yael McLaughlin DC,2617.0
Yael Windler,1675.0
Yee Monahan,2256.0
Yen Nitzsche,2579.0
Yessenia Brekke,1454.0
Yi Ebert,1865.0
Yolande Macejkovic,1449.0
Yolando Cormier,1969.0
Yolando Hamill,2110.0
Yoshie Hauck I,1175.0
Young Johns,2309.0
Yuette Cummings,2169.0
Yuette Towne IV,2082.0
Yukiko Miller,2637.0
Yukiko Walker,1603.0
Yung Rolfson,2392.0
Yuonne Stroman CPA,1857.0
Zachery Goyette Ret.,1786.0
Zack Lesch,2029.0
Zack Rolfson,2473.0
Zackary Kulas I,1072.0
Zackary Lehner Esq.,1482.0
Zackary Ortiz,3439.0
Zita Littel,1684.0
Zola Legros,2136.0
